TRINITY_DN10014_c0_g1::TRINITY_DN10014_c0_g1_i1::g.8016::m.8016	06e6189e76f35c7e1e26c1cac0d4c338	136	MobiDBLite	mobidb-lite	consensus disorder prediction	1	58	-	T	05-12-2019
TRINITY_DN10014_c0_g1::TRINITY_DN10014_c0_g1_i1::g.8016::m.8016	06e6189e76f35c7e1e26c1cac0d4c338	136	MobiDBLite	mobidb-lite	consensus disorder prediction	42	58	-	T	05-12-2019
TRINITY_DN10090_c0_g1::TRINITY_DN10090_c0_g1_i1::g.8025::m.8025	c208c85335c6ca9bcc3939c49bc5e9aa	104	Gene3D	G3DSA:2.60.40.10		1	98	9.6E-18	T	05-12-2019	IPR013783	Immunoglobulin-like fold
TRINITY_DN10090_c0_g1::TRINITY_DN10090_c0_g1_i1::g.8025::m.8025	c208c85335c6ca9bcc3939c49bc5e9aa	104	Pfam	PF00041	Fibronectin type III domain	18	90	4.3E-12	T	05-12-2019	IPR003961	Fibronectin type III
TRINITY_DN10090_c0_g1::TRINITY_DN10090_c0_g1_i1::g.8025::m.8025	c208c85335c6ca9bcc3939c49bc5e9aa	104	SMART	SM00060		9	88	1.5E-7	T	05-12-2019	IPR003961	Fibronectin type III
TRINITY_DN10090_c0_g1::TRINITY_DN10090_c0_g1_i1::g.8025::m.8025	c208c85335c6ca9bcc3939c49bc5e9aa	104	CDD	cd00063	FN3	9	90	2.37865E-9	T	05-12-2019	IPR003961	Fibronectin type III
TRINITY_DN10090_c0_g1::TRINITY_DN10090_c0_g1_i1::g.8025::m.8025	c208c85335c6ca9bcc3939c49bc5e9aa	104	SUPERFAMILY	SSF49265		2	93	4.3E-19	T	05-12-2019	IPR036116	Fibronectin type III superfamily
TRINITY_DN10090_c0_g1::TRINITY_DN10090_c0_g1_i1::g.8025::m.8025	c208c85335c6ca9bcc3939c49bc5e9aa	104	ProSiteProfiles	PS50853	Fibronectin type-III domain profile.	8	101	15.314	T	05-12-2019	IPR003961	Fibronectin type III
TRINITY_DN10090_c0_g1::TRINITY_DN10090_c0_g1_i1::g.8025::m.8025	c208c85335c6ca9bcc3939c49bc5e9aa	104	PRINTS	PR00014	Fibronectin type III repeat signature	75	89	3.4E-6	T	05-12-2019
TRINITY_DN10090_c0_g1::TRINITY_DN10090_c0_g1_i1::g.8025::m.8025	c208c85335c6ca9bcc3939c49bc5e9aa	104	PRINTS	PR00014	Fibronectin type III repeat signature	35	45	3.4E-6	T	05-12-2019
TRINITY_DN10090_c0_g1::TRINITY_DN10090_c0_g1_i1::g.8025::m.8025	c208c85335c6ca9bcc3939c49bc5e9aa	104	PRINTS	PR00014	Fibronectin type III repeat signature	57	75	3.4E-6	T	05-12-2019
TRINITY_DN10050_c0_g1::TRINITY_DN10050_c0_g1_i1::g.7988::m.7988	ab858f53dbf7bf1311c75141aacaa180	298	MobiDBLite	mobidb-lite	consensus disorder prediction	15	40	-	T	05-12-2019
TRINITY_DN10050_c0_g1::TRINITY_DN10050_c0_g1_i1::g.7988::m.7988	ab858f53dbf7bf1311c75141aacaa180	298	MobiDBLite	mobidb-lite	consensus disorder prediction	131	156	-	T	05-12-2019
TRINITY_DN10050_c0_g1::TRINITY_DN10050_c0_g1_i1::g.7988::m.7988	ab858f53dbf7bf1311c75141aacaa180	298	MobiDBLite	mobidb-lite	consensus disorder prediction	55	87	-	T	05-12-2019
TRINITY_DN10050_c0_g1::TRINITY_DN10050_c0_g1_i1::g.7988::m.7988	ab858f53dbf7bf1311c75141aacaa180	298	MobiDBLite	mobidb-lite	consensus disorder prediction	61	87	-	T	05-12-2019
TRINITY_DN10050_c0_g1::TRINITY_DN10050_c0_g1_i1::g.7988::m.7988	ab858f53dbf7bf1311c75141aacaa180	298	MobiDBLite	mobidb-lite	consensus disorder prediction	1	41	-	T	05-12-2019
TRINITY_DN10069_c0_g1::TRINITY_DN10069_c0_g1_i1::g.8005::m.8005	35ce406b6b4c84218a7f900d1e293ea3	289	Gene3D	G3DSA:2.60.120.290		201	289	2.5E-25	T	05-12-2019	IPR035914	Spermadhesin, CUB domain superfamily
TRINITY_DN10069_c0_g1::TRINITY_DN10069_c0_g1_i1::g.8005::m.8005	35ce406b6b4c84218a7f900d1e293ea3	289	ProSiteProfiles	PS01180	CUB domain profile.	202	289	23.139	T	05-12-2019	IPR000859	CUB domain
TRINITY_DN10069_c0_g1::TRINITY_DN10069_c0_g1_i1::g.8005::m.8005	35ce406b6b4c84218a7f900d1e293ea3	289	Gene3D	G3DSA:2.60.120.290		44	158	8.0E-34	T	05-12-2019	IPR035914	Spermadhesin, CUB domain superfamily
TRINITY_DN10069_c0_g1::TRINITY_DN10069_c0_g1_i1::g.8005::m.8005	35ce406b6b4c84218a7f900d1e293ea3	289	ProSitePatterns	PS01186	EGF-like domain signature 2.	183	198	-	T	05-12-2019	IPR013032	EGF-like, conserved site
TRINITY_DN10069_c0_g1::TRINITY_DN10069_c0_g1_i1::g.8005::m.8005	35ce406b6b4c84218a7f900d1e293ea3	289	CDD	cd00054	EGF_CA	159	191	4.06133E-4	T	05-12-2019
TRINITY_DN10069_c0_g1::TRINITY_DN10069_c0_g1_i1::g.8005::m.8005	35ce406b6b4c84218a7f900d1e293ea3	289	CDD	cd00041	CUB	42	157	4.54744E-34	T	05-12-2019	IPR000859	CUB domain
TRINITY_DN10069_c0_g1::TRINITY_DN10069_c0_g1_i1::g.8005::m.8005	35ce406b6b4c84218a7f900d1e293ea3	289	Gene3D	G3DSA:2.10.25.10		159	200	2.3E-14	T	05-12-2019
TRINITY_DN10069_c0_g1::TRINITY_DN10069_c0_g1_i1::g.8005::m.8005	35ce406b6b4c84218a7f900d1e293ea3	289	Pfam	PF00431	CUB domain	42	155	1.1E-22	T	05-12-2019	IPR000859	CUB domain
TRINITY_DN10069_c0_g1::TRINITY_DN10069_c0_g1_i1::g.8005::m.8005	35ce406b6b4c84218a7f900d1e293ea3	289	Pfam	PF00431	CUB domain	202	288	5.2E-22	T	05-12-2019	IPR000859	CUB domain
TRINITY_DN10069_c0_g1::TRINITY_DN10069_c0_g1_i1::g.8005::m.8005	35ce406b6b4c84218a7f900d1e293ea3	289	ProSiteProfiles	PS01180	CUB domain profile.	42	158	25.964	T	05-12-2019	IPR000859	CUB domain
TRINITY_DN10069_c0_g1::TRINITY_DN10069_c0_g1_i1::g.8005::m.8005	35ce406b6b4c84218a7f900d1e293ea3	289	CDD	cd00041	CUB	202	289	5.1359E-23	T	05-12-2019	IPR000859	CUB domain
TRINITY_DN10069_c0_g1::TRINITY_DN10069_c0_g1_i1::g.8005::m.8005	35ce406b6b4c84218a7f900d1e293ea3	289	SUPERFAMILY	SSF57196		154	199	1.22E-10	T	05-12-2019
TRINITY_DN10069_c0_g1::TRINITY_DN10069_c0_g1_i1::g.8005::m.8005	35ce406b6b4c84218a7f900d1e293ea3	289	SUPERFAMILY	SSF49854		42	158	8.5E-34	T	05-12-2019	IPR035914	Spermadhesin, CUB domain superfamily
TRINITY_DN10069_c0_g1::TRINITY_DN10069_c0_g1_i1::g.8005::m.8005	35ce406b6b4c84218a7f900d1e293ea3	289	SUPERFAMILY	SSF49854		202	288	2.75E-22	T	05-12-2019	IPR035914	Spermadhesin, CUB domain superfamily
TRINITY_DN10069_c0_g1::TRINITY_DN10069_c0_g1_i1::g.8005::m.8005	35ce406b6b4c84218a7f900d1e293ea3	289	Pfam	PF14670	Coagulation Factor Xa inhibitory site	163	198	2.9E-9	T	05-12-2019
TRINITY_DN10069_c0_g1::TRINITY_DN10069_c0_g1_i1::g.8005::m.8005	35ce406b6b4c84218a7f900d1e293ea3	289	SMART	SM00042		42	158	3.6E-40	T	05-12-2019	IPR000859	CUB domain
TRINITY_DN10069_c0_g1::TRINITY_DN10069_c0_g1_i1::g.8005::m.8005	35ce406b6b4c84218a7f900d1e293ea3	289	SMART	SM00042		202	289	3.3E-13	T	05-12-2019	IPR000859	CUB domain
TRINITY_DN10069_c0_g1::TRINITY_DN10069_c0_g1_i1::g.8005::m.8005	35ce406b6b4c84218a7f900d1e293ea3	289	SMART	SM00179		159	199	1.2E-6	T	05-12-2019	IPR001881	EGF-like calcium-binding domain
TRINITY_DN10079_c0_g1::TRINITY_DN10079_c0_g1_i1::g.8017::m.8017	e9c2c88a75d25da91fa6e4c95021dafb	170	SUPERFAMILY	SSF110019		2	169	6.67E-55	T	05-12-2019	IPR037192	ERO1-like superfamily
TRINITY_DN10079_c0_g1::TRINITY_DN10079_c0_g1_i1::g.8017::m.8017	e9c2c88a75d25da91fa6e4c95021dafb	170	Pfam	PF04137	Endoplasmic Reticulum Oxidoreductin 1 (ERO1)	2	169	4.0E-56	T	05-12-2019	IPR007266	Endoplasmic reticulum oxidoreductin 1
TRINITY_DN10144_c0_g1::TRINITY_DN10144_c0_g1_i1::g.8046::m.8046	84e1e85927d1d472de6782b14223e834	157	Gene3D	G3DSA:3.30.710.10		2	60	5.0E-10	T	05-12-2019
TRINITY_DN10144_c0_g1::TRINITY_DN10144_c0_g1_i1::g.8046::m.8046	84e1e85927d1d472de6782b14223e834	157	SMART	SM00875		67	155	0.0012	T	05-12-2019	IPR011705	BTB/Kelch-associated
TRINITY_DN10144_c0_g1::TRINITY_DN10144_c0_g1_i1::g.8046::m.8046	84e1e85927d1d472de6782b14223e834	157	Pfam	PF00651	BTB/POZ domain	4	56	1.6E-7	T	05-12-2019	IPR000210	BTB/POZ domain
TRINITY_DN10144_c0_g1::TRINITY_DN10144_c0_g1_i1::g.8046::m.8046	84e1e85927d1d472de6782b14223e834	157	Gene3D	G3DSA:1.25.40.420		61	157	1.9E-10	T	05-12-2019
TRINITY_DN10144_c0_g1::TRINITY_DN10144_c0_g1_i1::g.8046::m.8046	84e1e85927d1d472de6782b14223e834	157	Pfam	PF07707	BTB And C-terminal Kelch	68	147	4.0E-12	T	05-12-2019	IPR011705	BTB/Kelch-associated
TRINITY_DN10144_c0_g1::TRINITY_DN10144_c0_g1_i1::g.8046::m.8046	84e1e85927d1d472de6782b14223e834	157	SUPERFAMILY	SSF54695		4	55	2.17E-9	T	05-12-2019	IPR011333	SKP1/BTB/POZ domain superfamily
TRINITY_DN10144_c0_g1::TRINITY_DN10144_c0_g1_i1::g.8046::m.8046	84e1e85927d1d472de6782b14223e834	157	CDD	cd14821	SPOP_C_like	59	106	1.68232E-9	T	05-12-2019
TRINITY_DN100_c0_g1::TRINITY_DN100_c0_g1_i6::g.568::m.568	dc749a0c412881ac3636a877c95192bf	1735	Pfam	PF00207	Alpha-2-macroglobulin family	796	874	1.9E-22	T	05-12-2019	IPR001599	Alpha-2-macroglobulin
TRINITY_DN100_c0_g1::TRINITY_DN100_c0_g1_i6::g.568::m.568	dc749a0c412881ac3636a877c95192bf	1735	Coils	Coil		1457	1477	-	T	05-12-2019
TRINITY_DN100_c0_g1::TRINITY_DN100_c0_g1_i6::g.568::m.568	dc749a0c412881ac3636a877c95192bf	1735	Gene3D	G3DSA:2.60.40.1930		468	648	2.7E-166	T	05-12-2019
TRINITY_DN100_c0_g1::TRINITY_DN100_c0_g1_i6::g.568::m.568	dc749a0c412881ac3636a877c95192bf	1735	Pfam	PF01835	MG2 domain	135	215	3.1E-11	T	05-12-2019	IPR002890	Macroglobulin domain
TRINITY_DN100_c0_g1::TRINITY_DN100_c0_g1_i6::g.568::m.568	dc749a0c412881ac3636a877c95192bf	1735	Gene3D	G3DSA:2.60.40.1940		232	351	2.7E-166	T	05-12-2019
TRINITY_DN100_c0_g1::TRINITY_DN100_c0_g1_i6::g.568::m.568	dc749a0c412881ac3636a877c95192bf	1735	Gene3D	G3DSA:2.40.50.120		1605	1721	2.5E-16	T	05-12-2019
TRINITY_DN100_c0_g1::TRINITY_DN100_c0_g1_i6::g.568::m.568	dc749a0c412881ac3636a877c95192bf	1735	SUPERFAMILY	SSF49410		1480	1609	2.49E-30	T	05-12-2019	IPR036595	Alpha-macroglobulin, receptor-binding domain superfamily
TRINITY_DN100_c0_g1::TRINITY_DN100_c0_g1_i6::g.568::m.568	dc749a0c412881ac3636a877c95192bf	1735	Gene3D	G3DSA:2.60.40.10		352	467	2.7E-166	T	05-12-2019	IPR013783	Immunoglobulin-like fold
TRINITY_DN100_c0_g1::TRINITY_DN100_c0_g1_i6::g.568::m.568	dc749a0c412881ac3636a877c95192bf	1735	Pfam	PF17789	Macroglobulin domain MG4	353	451	6.9E-12	T	05-12-2019	IPR040839	Macroglobulin domain MG4
TRINITY_DN100_c0_g1::TRINITY_DN100_c0_g1_i6::g.568::m.568	dc749a0c412881ac3636a877c95192bf	1735	Pfam	PF17791	Macroglobulin domain MG3	229	307	3.5E-10	T	05-12-2019	IPR041555	Macroglobulin domain MG3
TRINITY_DN100_c0_g1::TRINITY_DN100_c0_g1_i6::g.568::m.568	dc749a0c412881ac3636a877c95192bf	1735	SMART	SM01359		471	607	6.9E-22	T	05-12-2019	IPR011625	Alpha-2-macroglobulin, bait region domain
TRINITY_DN100_c0_g1::TRINITY_DN100_c0_g1_i6::g.568::m.568	dc749a0c412881ac3636a877c95192bf	1735	ProSiteProfiles	PS50189	NTR domain profile.	1614	1734	16.095	T	05-12-2019	IPR001134	Netrin domain
TRINITY_DN100_c0_g1::TRINITY_DN100_c0_g1_i6::g.568::m.568	dc749a0c412881ac3636a877c95192bf	1735	Gene3D	G3DSA:2.60.40.1930		131	231	2.7E-166	T	05-12-2019
TRINITY_DN100_c0_g1::TRINITY_DN100_c0_g1_i6::g.568::m.568	dc749a0c412881ac3636a877c95192bf	1735	Coils	Coil		1520	1540	-	T	05-12-2019
TRINITY_DN100_c0_g1::TRINITY_DN100_c0_g1_i6::g.568::m.568	dc749a0c412881ac3636a877c95192bf	1735	Pfam	PF07703	Alpha-2-macroglobulin bait region domain	475	607	3.4E-20	T	05-12-2019	IPR011625	Alpha-2-macroglobulin, bait region domain
TRINITY_DN100_c0_g1::TRINITY_DN100_c0_g1_i6::g.568::m.568	dc749a0c412881ac3636a877c95192bf	1735	SMART	SM01360		769	874	1.8E-26	T	05-12-2019	IPR001599	Alpha-2-macroglobulin
TRINITY_DN100_c0_g1::TRINITY_DN100_c0_g1_i6::g.568::m.568	dc749a0c412881ac3636a877c95192bf	1735	MobiDBLite	mobidb-lite	consensus disorder prediction	1439	1482	-	T	05-12-2019
TRINITY_DN100_c0_g1::TRINITY_DN100_c0_g1_i6::g.568::m.568	dc749a0c412881ac3636a877c95192bf	1735	Pfam	PF07677	A-macroglobulin receptor binding domain	1500	1590	4.6E-25	T	05-12-2019	IPR009048	Alpha-macroglobulin, receptor-binding
TRINITY_DN100_c0_g1::TRINITY_DN100_c0_g1_i6::g.568::m.568	dc749a0c412881ac3636a877c95192bf	1735	CDD	cd02896	complement_C3_C4_C5	1036	1318	8.04066E-109	T	05-12-2019
TRINITY_DN100_c0_g1::TRINITY_DN100_c0_g1_i6::g.568::m.568	dc749a0c412881ac3636a877c95192bf	1735	ProSitePatterns	PS00477	Alpha-2-macroglobulin family thiolester region signature.	1045	1053	-	T	05-12-2019	IPR019742	Alpha-2-macroglobulin, conserved site
TRINITY_DN100_c0_g1::TRINITY_DN100_c0_g1_i6::g.568::m.568	dc749a0c412881ac3636a877c95192bf	1735	Gene3D	G3DSA:2.20.130.20		750	836	9.4E-19	T	05-12-2019
TRINITY_DN100_c0_g1::TRINITY_DN100_c0_g1_i6::g.568::m.568	dc749a0c412881ac3636a877c95192bf	1735	Pfam	PF01759	UNC-6/NTR/C345C module	1630	1715	1.0E-18	T	05-12-2019	IPR018933	Netrin module, non-TIMP type
TRINITY_DN100_c0_g1::TRINITY_DN100_c0_g1_i6::g.568::m.568	dc749a0c412881ac3636a877c95192bf	1735	SMART	SM00643		1628	1728	1.4E-10	T	05-12-2019	IPR018933	Netrin module, non-TIMP type
TRINITY_DN100_c0_g1::TRINITY_DN100_c0_g1_i6::g.568::m.568	dc749a0c412881ac3636a877c95192bf	1735	Pfam	PF07678	A-macroglobulin TED domain	1019	1318	2.0E-92	T	05-12-2019	IPR011626	Alpha-macroglobulin, TED domain
TRINITY_DN100_c0_g1::TRINITY_DN100_c0_g1_i6::g.568::m.568	dc749a0c412881ac3636a877c95192bf	1735	SUPERFAMILY	SSF48239		1035	1321	1.44E-84	T	05-12-2019	IPR008930	Terpenoid cyclases/protein prenyltransferase alpha-alpha toroid
TRINITY_DN100_c0_g1::TRINITY_DN100_c0_g1_i6::g.568::m.568	dc749a0c412881ac3636a877c95192bf	1735	Pfam	PF17790	Macroglobulin domain MG1	27	117	8.5E-16	T	05-12-2019	IPR041425	Complement C3/4/5, macroglobulin domain MG1
TRINITY_DN100_c0_g1::TRINITY_DN100_c0_g1_i6::g.568::m.568	dc749a0c412881ac3636a877c95192bf	1735	Gene3D	G3DSA:2.60.40.1930		28	130	2.7E-166	T	05-12-2019
TRINITY_DN100_c0_g1::TRINITY_DN100_c0_g1_i6::g.568::m.568	dc749a0c412881ac3636a877c95192bf	1735	MobiDBLite	mobidb-lite	consensus disorder prediction	1440	1474	-	T	05-12-2019
TRINITY_DN100_c0_g1::TRINITY_DN100_c0_g1_i6::g.568::m.568	dc749a0c412881ac3636a877c95192bf	1735	SMART	SM01361		1500	1590	4.7E-31	T	05-12-2019	IPR009048	Alpha-macroglobulin, receptor-binding
TRINITY_DN100_c0_g1::TRINITY_DN100_c0_g1_i6::g.568::m.568	dc749a0c412881ac3636a877c95192bf	1735	Gene3D	G3DSA:2.20.130.70		568	629	2.7E-166	T	05-12-2019
TRINITY_DN100_c0_g1::TRINITY_DN100_c0_g1_i6::g.568::m.568	dc749a0c412881ac3636a877c95192bf	1735	SUPERFAMILY	SSF50242		1602	1714	3.92E-19	T	05-12-2019	IPR008993	Tissue inhibitor of metalloproteinases-like, OB-fold
TRINITY_DN100_c0_g1::TRINITY_DN100_c0_g1_i1::g.572::m.572	dc749a0c412881ac3636a877c95192bf	1735	Pfam	PF00207	Alpha-2-macroglobulin family	796	874	1.9E-22	T	05-12-2019	IPR001599	Alpha-2-macroglobulin
TRINITY_DN100_c0_g1::TRINITY_DN100_c0_g1_i1::g.572::m.572	dc749a0c412881ac3636a877c95192bf	1735	Coils	Coil		1457	1477	-	T	05-12-2019
TRINITY_DN100_c0_g1::TRINITY_DN100_c0_g1_i1::g.572::m.572	dc749a0c412881ac3636a877c95192bf	1735	Gene3D	G3DSA:2.60.40.1930		468	648	2.7E-166	T	05-12-2019
TRINITY_DN100_c0_g1::TRINITY_DN100_c0_g1_i1::g.572::m.572	dc749a0c412881ac3636a877c95192bf	1735	Pfam	PF01835	MG2 domain	135	215	3.1E-11	T	05-12-2019	IPR002890	Macroglobulin domain
TRINITY_DN100_c0_g1::TRINITY_DN100_c0_g1_i1::g.572::m.572	dc749a0c412881ac3636a877c95192bf	1735	Gene3D	G3DSA:2.60.40.1940		232	351	2.7E-166	T	05-12-2019
TRINITY_DN100_c0_g1::TRINITY_DN100_c0_g1_i1::g.572::m.572	dc749a0c412881ac3636a877c95192bf	1735	Gene3D	G3DSA:2.40.50.120		1605	1721	2.5E-16	T	05-12-2019
TRINITY_DN100_c0_g1::TRINITY_DN100_c0_g1_i1::g.572::m.572	dc749a0c412881ac3636a877c95192bf	1735	SUPERFAMILY	SSF49410		1480	1609	2.49E-30	T	05-12-2019	IPR036595	Alpha-macroglobulin, receptor-binding domain superfamily
TRINITY_DN100_c0_g1::TRINITY_DN100_c0_g1_i1::g.572::m.572	dc749a0c412881ac3636a877c95192bf	1735	Gene3D	G3DSA:2.60.40.10		352	467	2.7E-166	T	05-12-2019	IPR013783	Immunoglobulin-like fold
TRINITY_DN100_c0_g1::TRINITY_DN100_c0_g1_i1::g.572::m.572	dc749a0c412881ac3636a877c95192bf	1735	Pfam	PF17789	Macroglobulin domain MG4	353	451	6.9E-12	T	05-12-2019	IPR040839	Macroglobulin domain MG4
TRINITY_DN100_c0_g1::TRINITY_DN100_c0_g1_i1::g.572::m.572	dc749a0c412881ac3636a877c95192bf	1735	Pfam	PF17791	Macroglobulin domain MG3	229	307	3.5E-10	T	05-12-2019	IPR041555	Macroglobulin domain MG3
TRINITY_DN100_c0_g1::TRINITY_DN100_c0_g1_i1::g.572::m.572	dc749a0c412881ac3636a877c95192bf	1735	SMART	SM01359		471	607	6.9E-22	T	05-12-2019	IPR011625	Alpha-2-macroglobulin, bait region domain
TRINITY_DN100_c0_g1::TRINITY_DN100_c0_g1_i1::g.572::m.572	dc749a0c412881ac3636a877c95192bf	1735	ProSiteProfiles	PS50189	NTR domain profile.	1614	1734	16.095	T	05-12-2019	IPR001134	Netrin domain
TRINITY_DN100_c0_g1::TRINITY_DN100_c0_g1_i1::g.572::m.572	dc749a0c412881ac3636a877c95192bf	1735	Gene3D	G3DSA:2.60.40.1930		131	231	2.7E-166	T	05-12-2019
TRINITY_DN100_c0_g1::TRINITY_DN100_c0_g1_i1::g.572::m.572	dc749a0c412881ac3636a877c95192bf	1735	Coils	Coil		1520	1540	-	T	05-12-2019
TRINITY_DN100_c0_g1::TRINITY_DN100_c0_g1_i1::g.572::m.572	dc749a0c412881ac3636a877c95192bf	1735	Pfam	PF07703	Alpha-2-macroglobulin bait region domain	475	607	3.4E-20	T	05-12-2019	IPR011625	Alpha-2-macroglobulin, bait region domain
TRINITY_DN100_c0_g1::TRINITY_DN100_c0_g1_i1::g.572::m.572	dc749a0c412881ac3636a877c95192bf	1735	SMART	SM01360		769	874	1.8E-26	T	05-12-2019	IPR001599	Alpha-2-macroglobulin
TRINITY_DN100_c0_g1::TRINITY_DN100_c0_g1_i1::g.572::m.572	dc749a0c412881ac3636a877c95192bf	1735	MobiDBLite	mobidb-lite	consensus disorder prediction	1439	1482	-	T	05-12-2019
TRINITY_DN100_c0_g1::TRINITY_DN100_c0_g1_i1::g.572::m.572	dc749a0c412881ac3636a877c95192bf	1735	Pfam	PF07677	A-macroglobulin receptor binding domain	1500	1590	4.6E-25	T	05-12-2019	IPR009048	Alpha-macroglobulin, receptor-binding
TRINITY_DN100_c0_g1::TRINITY_DN100_c0_g1_i1::g.572::m.572	dc749a0c412881ac3636a877c95192bf	1735	CDD	cd02896	complement_C3_C4_C5	1036	1318	8.04066E-109	T	05-12-2019
TRINITY_DN100_c0_g1::TRINITY_DN100_c0_g1_i1::g.572::m.572	dc749a0c412881ac3636a877c95192bf	1735	ProSitePatterns	PS00477	Alpha-2-macroglobulin family thiolester region signature.	1045	1053	-	T	05-12-2019	IPR019742	Alpha-2-macroglobulin, conserved site
TRINITY_DN100_c0_g1::TRINITY_DN100_c0_g1_i1::g.572::m.572	dc749a0c412881ac3636a877c95192bf	1735	Gene3D	G3DSA:2.20.130.20		750	836	9.4E-19	T	05-12-2019
TRINITY_DN100_c0_g1::TRINITY_DN100_c0_g1_i1::g.572::m.572	dc749a0c412881ac3636a877c95192bf	1735	Pfam	PF01759	UNC-6/NTR/C345C module	1630	1715	1.0E-18	T	05-12-2019	IPR018933	Netrin module, non-TIMP type
TRINITY_DN100_c0_g1::TRINITY_DN100_c0_g1_i1::g.572::m.572	dc749a0c412881ac3636a877c95192bf	1735	SMART	SM00643		1628	1728	1.4E-10	T	05-12-2019	IPR018933	Netrin module, non-TIMP type
TRINITY_DN100_c0_g1::TRINITY_DN100_c0_g1_i1::g.572::m.572	dc749a0c412881ac3636a877c95192bf	1735	Pfam	PF07678	A-macroglobulin TED domain	1019	1318	2.0E-92	T	05-12-2019	IPR011626	Alpha-macroglobulin, TED domain
TRINITY_DN100_c0_g1::TRINITY_DN100_c0_g1_i1::g.572::m.572	dc749a0c412881ac3636a877c95192bf	1735	SUPERFAMILY	SSF48239		1035	1321	1.44E-84	T	05-12-2019	IPR008930	Terpenoid cyclases/protein prenyltransferase alpha-alpha toroid
TRINITY_DN100_c0_g1::TRINITY_DN100_c0_g1_i1::g.572::m.572	dc749a0c412881ac3636a877c95192bf	1735	Pfam	PF17790	Macroglobulin domain MG1	27	117	8.5E-16	T	05-12-2019	IPR041425	Complement C3/4/5, macroglobulin domain MG1
TRINITY_DN100_c0_g1::TRINITY_DN100_c0_g1_i1::g.572::m.572	dc749a0c412881ac3636a877c95192bf	1735	Gene3D	G3DSA:2.60.40.1930		28	130	2.7E-166	T	05-12-2019
TRINITY_DN100_c0_g1::TRINITY_DN100_c0_g1_i1::g.572::m.572	dc749a0c412881ac3636a877c95192bf	1735	MobiDBLite	mobidb-lite	consensus disorder prediction	1440	1474	-	T	05-12-2019
TRINITY_DN100_c0_g1::TRINITY_DN100_c0_g1_i1::g.572::m.572	dc749a0c412881ac3636a877c95192bf	1735	SMART	SM01361		1500	1590	4.7E-31	T	05-12-2019	IPR009048	Alpha-macroglobulin, receptor-binding
TRINITY_DN100_c0_g1::TRINITY_DN100_c0_g1_i1::g.572::m.572	dc749a0c412881ac3636a877c95192bf	1735	Gene3D	G3DSA:2.20.130.70		568	629	2.7E-166	T	05-12-2019
TRINITY_DN100_c0_g1::TRINITY_DN100_c0_g1_i1::g.572::m.572	dc749a0c412881ac3636a877c95192bf	1735	SUPERFAMILY	SSF50242		1602	1714	3.92E-19	T	05-12-2019	IPR008993	Tissue inhibitor of metalloproteinases-like, OB-fold
TRINITY_DN100_c0_g1::TRINITY_DN100_c0_g1_i5::g.564::m.564	dc749a0c412881ac3636a877c95192bf	1735	Pfam	PF00207	Alpha-2-macroglobulin family	796	874	1.9E-22	T	05-12-2019	IPR001599	Alpha-2-macroglobulin
TRINITY_DN100_c0_g1::TRINITY_DN100_c0_g1_i5::g.564::m.564	dc749a0c412881ac3636a877c95192bf	1735	Coils	Coil		1457	1477	-	T	05-12-2019
TRINITY_DN100_c0_g1::TRINITY_DN100_c0_g1_i5::g.564::m.564	dc749a0c412881ac3636a877c95192bf	1735	Gene3D	G3DSA:2.60.40.1930		468	648	2.7E-166	T	05-12-2019
TRINITY_DN100_c0_g1::TRINITY_DN100_c0_g1_i5::g.564::m.564	dc749a0c412881ac3636a877c95192bf	1735	Pfam	PF01835	MG2 domain	135	215	3.1E-11	T	05-12-2019	IPR002890	Macroglobulin domain
TRINITY_DN100_c0_g1::TRINITY_DN100_c0_g1_i5::g.564::m.564	dc749a0c412881ac3636a877c95192bf	1735	Gene3D	G3DSA:2.60.40.1940		232	351	2.7E-166	T	05-12-2019
TRINITY_DN100_c0_g1::TRINITY_DN100_c0_g1_i5::g.564::m.564	dc749a0c412881ac3636a877c95192bf	1735	Gene3D	G3DSA:2.40.50.120		1605	1721	2.5E-16	T	05-12-2019
TRINITY_DN100_c0_g1::TRINITY_DN100_c0_g1_i5::g.564::m.564	dc749a0c412881ac3636a877c95192bf	1735	SUPERFAMILY	SSF49410		1480	1609	2.49E-30	T	05-12-2019	IPR036595	Alpha-macroglobulin, receptor-binding domain superfamily
TRINITY_DN100_c0_g1::TRINITY_DN100_c0_g1_i5::g.564::m.564	dc749a0c412881ac3636a877c95192bf	1735	Gene3D	G3DSA:2.60.40.10		352	467	2.7E-166	T	05-12-2019	IPR013783	Immunoglobulin-like fold
TRINITY_DN100_c0_g1::TRINITY_DN100_c0_g1_i5::g.564::m.564	dc749a0c412881ac3636a877c95192bf	1735	Pfam	PF17789	Macroglobulin domain MG4	353	451	6.9E-12	T	05-12-2019	IPR040839	Macroglobulin domain MG4
TRINITY_DN100_c0_g1::TRINITY_DN100_c0_g1_i5::g.564::m.564	dc749a0c412881ac3636a877c95192bf	1735	Pfam	PF17791	Macroglobulin domain MG3	229	307	3.5E-10	T	05-12-2019	IPR041555	Macroglobulin domain MG3
TRINITY_DN100_c0_g1::TRINITY_DN100_c0_g1_i5::g.564::m.564	dc749a0c412881ac3636a877c95192bf	1735	SMART	SM01359		471	607	6.9E-22	T	05-12-2019	IPR011625	Alpha-2-macroglobulin, bait region domain
TRINITY_DN100_c0_g1::TRINITY_DN100_c0_g1_i5::g.564::m.564	dc749a0c412881ac3636a877c95192bf	1735	ProSiteProfiles	PS50189	NTR domain profile.	1614	1734	16.095	T	05-12-2019	IPR001134	Netrin domain
TRINITY_DN100_c0_g1::TRINITY_DN100_c0_g1_i5::g.564::m.564	dc749a0c412881ac3636a877c95192bf	1735	Gene3D	G3DSA:2.60.40.1930		131	231	2.7E-166	T	05-12-2019
TRINITY_DN100_c0_g1::TRINITY_DN100_c0_g1_i5::g.564::m.564	dc749a0c412881ac3636a877c95192bf	1735	Coils	Coil		1520	1540	-	T	05-12-2019
TRINITY_DN100_c0_g1::TRINITY_DN100_c0_g1_i5::g.564::m.564	dc749a0c412881ac3636a877c95192bf	1735	Pfam	PF07703	Alpha-2-macroglobulin bait region domain	475	607	3.4E-20	T	05-12-2019	IPR011625	Alpha-2-macroglobulin, bait region domain
TRINITY_DN100_c0_g1::TRINITY_DN100_c0_g1_i5::g.564::m.564	dc749a0c412881ac3636a877c95192bf	1735	SMART	SM01360		769	874	1.8E-26	T	05-12-2019	IPR001599	Alpha-2-macroglobulin
TRINITY_DN100_c0_g1::TRINITY_DN100_c0_g1_i5::g.564::m.564	dc749a0c412881ac3636a877c95192bf	1735	MobiDBLite	mobidb-lite	consensus disorder prediction	1439	1482	-	T	05-12-2019
TRINITY_DN100_c0_g1::TRINITY_DN100_c0_g1_i5::g.564::m.564	dc749a0c412881ac3636a877c95192bf	1735	Pfam	PF07677	A-macroglobulin receptor binding domain	1500	1590	4.6E-25	T	05-12-2019	IPR009048	Alpha-macroglobulin, receptor-binding
TRINITY_DN100_c0_g1::TRINITY_DN100_c0_g1_i5::g.564::m.564	dc749a0c412881ac3636a877c95192bf	1735	CDD	cd02896	complement_C3_C4_C5	1036	1318	8.04066E-109	T	05-12-2019
TRINITY_DN100_c0_g1::TRINITY_DN100_c0_g1_i5::g.564::m.564	dc749a0c412881ac3636a877c95192bf	1735	ProSitePatterns	PS00477	Alpha-2-macroglobulin family thiolester region signature.	1045	1053	-	T	05-12-2019	IPR019742	Alpha-2-macroglobulin, conserved site
TRINITY_DN100_c0_g1::TRINITY_DN100_c0_g1_i5::g.564::m.564	dc749a0c412881ac3636a877c95192bf	1735	Gene3D	G3DSA:2.20.130.20		750	836	9.4E-19	T	05-12-2019
TRINITY_DN100_c0_g1::TRINITY_DN100_c0_g1_i5::g.564::m.564	dc749a0c412881ac3636a877c95192bf	1735	Pfam	PF01759	UNC-6/NTR/C345C module	1630	1715	1.0E-18	T	05-12-2019	IPR018933	Netrin module, non-TIMP type
TRINITY_DN100_c0_g1::TRINITY_DN100_c0_g1_i5::g.564::m.564	dc749a0c412881ac3636a877c95192bf	1735	SMART	SM00643		1628	1728	1.4E-10	T	05-12-2019	IPR018933	Netrin module, non-TIMP type
TRINITY_DN100_c0_g1::TRINITY_DN100_c0_g1_i5::g.564::m.564	dc749a0c412881ac3636a877c95192bf	1735	Pfam	PF07678	A-macroglobulin TED domain	1019	1318	2.0E-92	T	05-12-2019	IPR011626	Alpha-macroglobulin, TED domain
TRINITY_DN100_c0_g1::TRINITY_DN100_c0_g1_i5::g.564::m.564	dc749a0c412881ac3636a877c95192bf	1735	SUPERFAMILY	SSF48239		1035	1321	1.44E-84	T	05-12-2019	IPR008930	Terpenoid cyclases/protein prenyltransferase alpha-alpha toroid
TRINITY_DN100_c0_g1::TRINITY_DN100_c0_g1_i5::g.564::m.564	dc749a0c412881ac3636a877c95192bf	1735	Pfam	PF17790	Macroglobulin domain MG1	27	117	8.5E-16	T	05-12-2019	IPR041425	Complement C3/4/5, macroglobulin domain MG1
TRINITY_DN100_c0_g1::TRINITY_DN100_c0_g1_i5::g.564::m.564	dc749a0c412881ac3636a877c95192bf	1735	Gene3D	G3DSA:2.60.40.1930		28	130	2.7E-166	T	05-12-2019
TRINITY_DN100_c0_g1::TRINITY_DN100_c0_g1_i5::g.564::m.564	dc749a0c412881ac3636a877c95192bf	1735	MobiDBLite	mobidb-lite	consensus disorder prediction	1440	1474	-	T	05-12-2019
TRINITY_DN100_c0_g1::TRINITY_DN100_c0_g1_i5::g.564::m.564	dc749a0c412881ac3636a877c95192bf	1735	SMART	SM01361		1500	1590	4.7E-31	T	05-12-2019	IPR009048	Alpha-macroglobulin, receptor-binding
TRINITY_DN100_c0_g1::TRINITY_DN100_c0_g1_i5::g.564::m.564	dc749a0c412881ac3636a877c95192bf	1735	Gene3D	G3DSA:2.20.130.70		568	629	2.7E-166	T	05-12-2019
TRINITY_DN100_c0_g1::TRINITY_DN100_c0_g1_i5::g.564::m.564	dc749a0c412881ac3636a877c95192bf	1735	SUPERFAMILY	SSF50242		1602	1714	3.92E-19	T	05-12-2019	IPR008993	Tissue inhibitor of metalloproteinases-like, OB-fold
TRINITY_DN1011_c0_g1::TRINITY_DN1011_c0_g1_i1::g.2566::m.2566	93a87bcd62091b55a7825e8275cfa0b9	142	MobiDBLite	mobidb-lite	consensus disorder prediction	95	142	-	T	05-12-2019
TRINITY_DN1011_c0_g1::TRINITY_DN1011_c0_g1_i1::g.2566::m.2566	93a87bcd62091b55a7825e8275cfa0b9	142	MobiDBLite	mobidb-lite	consensus disorder prediction	53	74	-	T	05-12-2019
TRINITY_DN1011_c0_g1::TRINITY_DN1011_c0_g1_i1::g.2566::m.2566	93a87bcd62091b55a7825e8275cfa0b9	142	MobiDBLite	mobidb-lite	consensus disorder prediction	53	81	-	T	05-12-2019
TRINITY_DN1011_c0_g1::TRINITY_DN1011_c0_g1_i1::g.2566::m.2566	93a87bcd62091b55a7825e8275cfa0b9	142	MobiDBLite	mobidb-lite	consensus disorder prediction	95	112	-	T	05-12-2019
TRINITY_DN10066_c0_g1::TRINITY_DN10066_c0_g1_i1::g.7985::m.7985	f21787294538788d15f0bbf5d74e6257	114	MobiDBLite	mobidb-lite	consensus disorder prediction	1	53	-	T	05-12-2019
TRINITY_DN10066_c0_g1::TRINITY_DN10066_c0_g1_i1::g.7985::m.7985	f21787294538788d15f0bbf5d74e6257	114	MobiDBLite	mobidb-lite	consensus disorder prediction	95	114	-	T	05-12-2019
TRINITY_DN10066_c0_g1::TRINITY_DN10066_c0_g1_i1::g.7985::m.7985	f21787294538788d15f0bbf5d74e6257	114	MobiDBLite	mobidb-lite	consensus disorder prediction	1	87	-	T	05-12-2019
TRINITY_DN10066_c0_g1::TRINITY_DN10066_c0_g1_i1::g.7985::m.7985	f21787294538788d15f0bbf5d74e6257	114	MobiDBLite	mobidb-lite	consensus disorder prediction	54	70	-	T	05-12-2019
TRINITY_DN10066_c0_g1::TRINITY_DN10066_c0_g1_i1::g.7985::m.7985	f21787294538788d15f0bbf5d74e6257	114	Pfam	PF08648	U4/U6.U5 small nuclear ribonucleoproteins	81	114	1.1E-9	T	05-12-2019	IPR013957	U4/U6.U5 small nuclear ribonucleoprotein 27kDa protein
TRINITY_DN1002_c0_g1::TRINITY_DN1002_c0_g1_i3::g.2586::m.2586	8c70615bfe5589d0757b343b3f82b29d	207	Pfam	PF01105	emp24/gp25L/p24 family/GOLD	22	200	1.4E-51	T	05-12-2019	IPR009038	GOLD domain
TRINITY_DN1002_c0_g1::TRINITY_DN1002_c0_g1_i3::g.2586::m.2586	8c70615bfe5589d0757b343b3f82b29d	207	ProSiteProfiles	PS50866	GOLD domain profile.	32	116	15.229	T	05-12-2019	IPR009038	GOLD domain
TRINITY_DN1002_c0_g1::TRINITY_DN1002_c0_g1_i3::g.2586::m.2586	8c70615bfe5589d0757b343b3f82b29d	207	SMART	SM01190		22	201	1.8E-71	T	05-12-2019	IPR009038	GOLD domain
TRINITY_DN1002_c0_g1::TRINITY_DN1002_c0_g1_i4::g.2584::m.2584	8c70615bfe5589d0757b343b3f82b29d	207	Pfam	PF01105	emp24/gp25L/p24 family/GOLD	22	200	1.4E-51	T	05-12-2019	IPR009038	GOLD domain
TRINITY_DN1002_c0_g1::TRINITY_DN1002_c0_g1_i4::g.2584::m.2584	8c70615bfe5589d0757b343b3f82b29d	207	ProSiteProfiles	PS50866	GOLD domain profile.	32	116	15.229	T	05-12-2019	IPR009038	GOLD domain
TRINITY_DN1002_c0_g1::TRINITY_DN1002_c0_g1_i4::g.2584::m.2584	8c70615bfe5589d0757b343b3f82b29d	207	SMART	SM01190		22	201	1.8E-71	T	05-12-2019	IPR009038	GOLD domain
TRINITY_DN1002_c0_g1::TRINITY_DN1002_c0_g1_i2::g.2585::m.2585	8c70615bfe5589d0757b343b3f82b29d	207	Pfam	PF01105	emp24/gp25L/p24 family/GOLD	22	200	1.4E-51	T	05-12-2019	IPR009038	GOLD domain
TRINITY_DN1002_c0_g1::TRINITY_DN1002_c0_g1_i2::g.2585::m.2585	8c70615bfe5589d0757b343b3f82b29d	207	ProSiteProfiles	PS50866	GOLD domain profile.	32	116	15.229	T	05-12-2019	IPR009038	GOLD domain
TRINITY_DN1002_c0_g1::TRINITY_DN1002_c0_g1_i2::g.2585::m.2585	8c70615bfe5589d0757b343b3f82b29d	207	SMART	SM01190		22	201	1.8E-71	T	05-12-2019	IPR009038	GOLD domain
TRINITY_DN1014_c0_g2::TRINITY_DN1014_c0_g2_i1::g.2572::m.2572	5e99e741b9653af77cb68330d28a2092	106	MobiDBLite	mobidb-lite	consensus disorder prediction	37	106	-	T	05-12-2019
TRINITY_DN1014_c0_g2::TRINITY_DN1014_c0_g2_i1::g.2572::m.2572	5e99e741b9653af77cb68330d28a2092	106	MobiDBLite	mobidb-lite	consensus disorder prediction	44	106	-	T	05-12-2019
TRINITY_DN1014_c0_g2::TRINITY_DN1014_c0_g2_i1::g.2572::m.2572	5e99e741b9653af77cb68330d28a2092	106	Gene3D	G3DSA:1.10.8.10		1	46	1.8E-7	T	05-12-2019
TRINITY_DN1013_c0_g1::TRINITY_DN1013_c0_g1_i3::g.2613::m.2613	4a3cdf7f580f7e1953705672b9918aa9	199	CDD	cd00204	ANK	71	190	4.86059E-20	T	05-12-2019	IPR020683	Ankyrin repeat-containing domain
TRINITY_DN1013_c0_g1::TRINITY_DN1013_c0_g1_i3::g.2613::m.2613	4a3cdf7f580f7e1953705672b9918aa9	199	ProSiteProfiles	PS50297	Ankyrin repeat region circular profile.	56	191	22.649	T	05-12-2019	IPR020683	Ankyrin repeat-containing domain
TRINITY_DN1013_c0_g1::TRINITY_DN1013_c0_g1_i3::g.2613::m.2613	4a3cdf7f580f7e1953705672b9918aa9	199	SMART	SM00248		169	199	0.01	T	05-12-2019	IPR002110	Ankyrin repeat
TRINITY_DN1013_c0_g1::TRINITY_DN1013_c0_g1_i3::g.2613::m.2613	4a3cdf7f580f7e1953705672b9918aa9	199	SMART	SM00248		100	130	6.8E-4	T	05-12-2019	IPR002110	Ankyrin repeat
TRINITY_DN1013_c0_g1::TRINITY_DN1013_c0_g1_i3::g.2613::m.2613	4a3cdf7f580f7e1953705672b9918aa9	199	SMART	SM00248		134	164	170.0	T	05-12-2019	IPR002110	Ankyrin repeat
TRINITY_DN1013_c0_g1::TRINITY_DN1013_c0_g1_i3::g.2613::m.2613	4a3cdf7f580f7e1953705672b9918aa9	199	ProSiteProfiles	PS50088	Ankyrin repeat profile.	100	122	10.419	T	05-12-2019	IPR002110	Ankyrin repeat
TRINITY_DN1013_c0_g1::TRINITY_DN1013_c0_g1_i3::g.2613::m.2613	4a3cdf7f580f7e1953705672b9918aa9	199	Pfam	PF12796	Ankyrin repeats (3 copies)	53	132	2.1E-10	T	05-12-2019	IPR020683	Ankyrin repeat-containing domain
TRINITY_DN1013_c0_g1::TRINITY_DN1013_c0_g1_i3::g.2613::m.2613	4a3cdf7f580f7e1953705672b9918aa9	199	Pfam	PF13637	Ankyrin repeats (many copies)	138	190	1.6E-5	T	05-12-2019
TRINITY_DN1013_c0_g1::TRINITY_DN1013_c0_g1_i3::g.2613::m.2613	4a3cdf7f580f7e1953705672b9918aa9	199	Gene3D	G3DSA:1.25.40.20		16	199	1.1E-27	T	05-12-2019	IPR036770	Ankyrin repeat-containing domain superfamily
TRINITY_DN1013_c0_g1::TRINITY_DN1013_c0_g1_i3::g.2613::m.2613	4a3cdf7f580f7e1953705672b9918aa9	199	SUPERFAMILY	SSF48403		53	198	1.61E-25	T	05-12-2019	IPR036770	Ankyrin repeat-containing domain superfamily
TRINITY_DN100_c0_g1::TRINITY_DN100_c0_g1_i4::g.560::m.560	cd4122986b422d5d4116e88609daeef5	1735	Pfam	PF00207	Alpha-2-macroglobulin family	796	874	1.9E-22	T	05-12-2019	IPR001599	Alpha-2-macroglobulin
TRINITY_DN100_c0_g1::TRINITY_DN100_c0_g1_i4::g.560::m.560	cd4122986b422d5d4116e88609daeef5	1735	Coils	Coil		1457	1477	-	T	05-12-2019
TRINITY_DN100_c0_g1::TRINITY_DN100_c0_g1_i4::g.560::m.560	cd4122986b422d5d4116e88609daeef5	1735	Gene3D	G3DSA:2.60.40.1930		468	648	2.7E-166	T	05-12-2019
TRINITY_DN100_c0_g1::TRINITY_DN100_c0_g1_i4::g.560::m.560	cd4122986b422d5d4116e88609daeef5	1735	Pfam	PF01835	MG2 domain	135	215	3.1E-11	T	05-12-2019	IPR002890	Macroglobulin domain
TRINITY_DN100_c0_g1::TRINITY_DN100_c0_g1_i4::g.560::m.560	cd4122986b422d5d4116e88609daeef5	1735	Gene3D	G3DSA:2.40.50.120		1605	1721	2.5E-16	T	05-12-2019
TRINITY_DN100_c0_g1::TRINITY_DN100_c0_g1_i4::g.560::m.560	cd4122986b422d5d4116e88609daeef5	1735	Gene3D	G3DSA:2.60.40.1940		232	351	2.7E-166	T	05-12-2019
TRINITY_DN100_c0_g1::TRINITY_DN100_c0_g1_i4::g.560::m.560	cd4122986b422d5d4116e88609daeef5	1735	SUPERFAMILY	SSF49410		1480	1609	2.49E-30	T	05-12-2019	IPR036595	Alpha-macroglobulin, receptor-binding domain superfamily
TRINITY_DN100_c0_g1::TRINITY_DN100_c0_g1_i4::g.560::m.560	cd4122986b422d5d4116e88609daeef5	1735	Gene3D	G3DSA:2.60.40.10		352	467	2.7E-166	T	05-12-2019	IPR013783	Immunoglobulin-like fold
TRINITY_DN100_c0_g1::TRINITY_DN100_c0_g1_i4::g.560::m.560	cd4122986b422d5d4116e88609daeef5	1735	Pfam	PF17791	Macroglobulin domain MG3	229	307	3.5E-10	T	05-12-2019	IPR041555	Macroglobulin domain MG3
TRINITY_DN100_c0_g1::TRINITY_DN100_c0_g1_i4::g.560::m.560	cd4122986b422d5d4116e88609daeef5	1735	SMART	SM01359		471	607	6.9E-22	T	05-12-2019	IPR011625	Alpha-2-macroglobulin, bait region domain
TRINITY_DN100_c0_g1::TRINITY_DN100_c0_g1_i4::g.560::m.560	cd4122986b422d5d4116e88609daeef5	1735	ProSiteProfiles	PS50189	NTR domain profile.	1614	1734	16.095	T	05-12-2019	IPR001134	Netrin domain
TRINITY_DN100_c0_g1::TRINITY_DN100_c0_g1_i4::g.560::m.560	cd4122986b422d5d4116e88609daeef5	1735	Gene3D	G3DSA:2.60.40.1930		131	231	2.7E-166	T	05-12-2019
TRINITY_DN100_c0_g1::TRINITY_DN100_c0_g1_i4::g.560::m.560	cd4122986b422d5d4116e88609daeef5	1735	SUPERFAMILY	SSF48239		1035	1321	2.51E-85	T	05-12-2019	IPR008930	Terpenoid cyclases/protein prenyltransferase alpha-alpha toroid
TRINITY_DN100_c0_g1::TRINITY_DN100_c0_g1_i4::g.560::m.560	cd4122986b422d5d4116e88609daeef5	1735	Coils	Coil		1520	1540	-	T	05-12-2019
TRINITY_DN100_c0_g1::TRINITY_DN100_c0_g1_i4::g.560::m.560	cd4122986b422d5d4116e88609daeef5	1735	SMART	SM01360		769	874	1.8E-26	T	05-12-2019	IPR001599	Alpha-2-macroglobulin
TRINITY_DN100_c0_g1::TRINITY_DN100_c0_g1_i4::g.560::m.560	cd4122986b422d5d4116e88609daeef5	1735	CDD	cd02896	complement_C3_C4_C5	1036	1318	1.09636E-110	T	05-12-2019
TRINITY_DN100_c0_g1::TRINITY_DN100_c0_g1_i4::g.560::m.560	cd4122986b422d5d4116e88609daeef5	1735	Pfam	PF07677	A-macroglobulin receptor binding domain	1500	1590	4.6E-25	T	05-12-2019	IPR009048	Alpha-macroglobulin, receptor-binding
TRINITY_DN100_c0_g1::TRINITY_DN100_c0_g1_i4::g.560::m.560	cd4122986b422d5d4116e88609daeef5	1735	Pfam	PF07678	A-macroglobulin TED domain	1019	1318	1.1E-92	T	05-12-2019	IPR011626	Alpha-macroglobulin, TED domain
TRINITY_DN100_c0_g1::TRINITY_DN100_c0_g1_i4::g.560::m.560	cd4122986b422d5d4116e88609daeef5	1735	ProSitePatterns	PS00477	Alpha-2-macroglobulin family thiolester region signature.	1045	1053	-	T	05-12-2019	IPR019742	Alpha-2-macroglobulin, conserved site
TRINITY_DN100_c0_g1::TRINITY_DN100_c0_g1_i4::g.560::m.560	cd4122986b422d5d4116e88609daeef5	1735	Gene3D	G3DSA:2.20.130.20		750	836	9.4E-19	T	05-12-2019
TRINITY_DN100_c0_g1::TRINITY_DN100_c0_g1_i4::g.560::m.560	cd4122986b422d5d4116e88609daeef5	1735	Pfam	PF17789	Macroglobulin domain MG4	353	451	6.9E-12	T	05-12-2019	IPR040839	Macroglobulin domain MG4
TRINITY_DN100_c0_g1::TRINITY_DN100_c0_g1_i4::g.560::m.560	cd4122986b422d5d4116e88609daeef5	1735	MobiDBLite	mobidb-lite	consensus disorder prediction	1437	1482	-	T	05-12-2019
TRINITY_DN100_c0_g1::TRINITY_DN100_c0_g1_i4::g.560::m.560	cd4122986b422d5d4116e88609daeef5	1735	SMART	SM00643		1628	1728	1.4E-10	T	05-12-2019	IPR018933	Netrin module, non-TIMP type
TRINITY_DN100_c0_g1::TRINITY_DN100_c0_g1_i4::g.560::m.560	cd4122986b422d5d4116e88609daeef5	1735	Pfam	PF01759	UNC-6/NTR/C345C module	1630	1715	1.0E-18	T	05-12-2019	IPR018933	Netrin module, non-TIMP type
TRINITY_DN100_c0_g1::TRINITY_DN100_c0_g1_i4::g.560::m.560	cd4122986b422d5d4116e88609daeef5	1735	Pfam	PF17790	Macroglobulin domain MG1	27	117	8.5E-16	T	05-12-2019	IPR041425	Complement C3/4/5, macroglobulin domain MG1
TRINITY_DN100_c0_g1::TRINITY_DN100_c0_g1_i4::g.560::m.560	cd4122986b422d5d4116e88609daeef5	1735	Pfam	PF07703	Alpha-2-macroglobulin bait region domain	475	607	3.4E-20	T	05-12-2019	IPR011625	Alpha-2-macroglobulin, bait region domain
TRINITY_DN100_c0_g1::TRINITY_DN100_c0_g1_i4::g.560::m.560	cd4122986b422d5d4116e88609daeef5	1735	Gene3D	G3DSA:2.60.40.1930		28	130	2.7E-166	T	05-12-2019
TRINITY_DN100_c0_g1::TRINITY_DN100_c0_g1_i4::g.560::m.560	cd4122986b422d5d4116e88609daeef5	1735	MobiDBLite	mobidb-lite	consensus disorder prediction	1440	1474	-	T	05-12-2019
TRINITY_DN100_c0_g1::TRINITY_DN100_c0_g1_i4::g.560::m.560	cd4122986b422d5d4116e88609daeef5	1735	SMART	SM01361		1500	1590	4.7E-31	T	05-12-2019	IPR009048	Alpha-macroglobulin, receptor-binding
TRINITY_DN100_c0_g1::TRINITY_DN100_c0_g1_i4::g.560::m.560	cd4122986b422d5d4116e88609daeef5	1735	Gene3D	G3DSA:2.20.130.70		568	629	2.7E-166	T	05-12-2019
TRINITY_DN100_c0_g1::TRINITY_DN100_c0_g1_i4::g.560::m.560	cd4122986b422d5d4116e88609daeef5	1735	SUPERFAMILY	SSF50242		1602	1714	3.92E-19	T	05-12-2019	IPR008993	Tissue inhibitor of metalloproteinases-like, OB-fold
TRINITY_DN10139_c0_g1::TRINITY_DN10139_c0_g1_i1::g.8052::m.8052	b33756d4ef85bfeb90f72b7991b52426	106	Gene3D	G3DSA:3.30.559.70		44	106	9.8E-15	T	05-12-2019
TRINITY_DN10139_c0_g1::TRINITY_DN10139_c0_g1_i1::g.8052::m.8052	b33756d4ef85bfeb90f72b7991b52426	106	Gene3D	G3DSA:1.10.1220.10		8	40	1.3E-5	T	05-12-2019	IPR013321	Arc-type ribbon-helix-helix
TRINITY_DN10139_c0_g1::TRINITY_DN10139_c0_g1_i1::g.8052::m.8052	b33756d4ef85bfeb90f72b7991b52426	106	Pfam	PF00755	Choline/Carnitine o-acyltransferase	1	106	3.8E-28	T	05-12-2019	IPR039551	Choline/carnitine acyltransferase domain
TRINITY_DN10139_c0_g1::TRINITY_DN10139_c0_g1_i1::g.8052::m.8052	b33756d4ef85bfeb90f72b7991b52426	106	SUPERFAMILY	SSF52777		1	106	2.22E-29	T	05-12-2019
TRINITY_DN10073_c0_g1::TRINITY_DN10073_c0_g1_i1::g.7983::m.7983	046260cf7cffb8745b37c142e0726f88	315	Pfam	PF00093	von Willebrand factor type C domain	90	147	1.8E-8	T	05-12-2019	IPR001007	VWFC domain
TRINITY_DN10073_c0_g1::TRINITY_DN10073_c0_g1_i1::g.7983::m.7983	046260cf7cffb8745b37c142e0726f88	315	ProSiteProfiles	PS50184	VWFC domain profile.	91	148	8.843	T	05-12-2019	IPR001007	VWFC domain
TRINITY_DN10073_c0_g1::TRINITY_DN10073_c0_g1_i1::g.7983::m.7983	046260cf7cffb8745b37c142e0726f88	315	SUPERFAMILY	SSF57603		7	62	2.62E-6	T	05-12-2019
TRINITY_DN10073_c0_g1::TRINITY_DN10073_c0_g1_i1::g.7983::m.7983	046260cf7cffb8745b37c142e0726f88	315	SMART	SM00214		88	147	1.8E-5	T	05-12-2019	IPR001007	VWFC domain
TRINITY_DN10073_c0_g1::TRINITY_DN10073_c0_g1_i1::g.7983::m.7983	046260cf7cffb8745b37c142e0726f88	315	SMART	SM00214		7	61	0.0057	T	05-12-2019	IPR001007	VWFC domain
TRINITY_DN10073_c0_g1::TRINITY_DN10073_c0_g1_i1::g.7983::m.7983	046260cf7cffb8745b37c142e0726f88	315	SUPERFAMILY	SSF57603		89	149	3.82E-9	T	05-12-2019
TRINITY_DN10073_c0_g1::TRINITY_DN10073_c0_g1_i1::g.7983::m.7983	046260cf7cffb8745b37c142e0726f88	315	ProSitePatterns	PS01208	VWFC domain signature.	110	147	-	T	05-12-2019	IPR001007	VWFC domain
TRINITY_DN1009_c0_g1::TRINITY_DN1009_c0_g1_i1::g.2550::m.2550	829de26424d0bcba618b5ddd46ba3f5e	143	Gene3D	G3DSA:1.20.1070.10		2	142	2.4E-34	T	05-12-2019
TRINITY_DN1009_c0_g1::TRINITY_DN1009_c0_g1_i1::g.2550::m.2550	829de26424d0bcba618b5ddd46ba3f5e	143	PRINTS	PR00249	Secretin-like GPCR superfamily signature	18	43	5.5E-14	T	05-12-2019	IPR000832	GPCR, family 2, secretin-like
TRINITY_DN1009_c0_g1::TRINITY_DN1009_c0_g1_i1::g.2550::m.2550	829de26424d0bcba618b5ddd46ba3f5e	143	PRINTS	PR00249	Secretin-like GPCR superfamily signature	68	88	5.5E-14	T	05-12-2019	IPR000832	GPCR, family 2, secretin-like
TRINITY_DN1009_c0_g1::TRINITY_DN1009_c0_g1_i1::g.2550::m.2550	829de26424d0bcba618b5ddd46ba3f5e	143	PRINTS	PR00249	Secretin-like GPCR superfamily signature	100	121	5.5E-14	T	05-12-2019	IPR000832	GPCR, family 2, secretin-like
TRINITY_DN1009_c0_g1::TRINITY_DN1009_c0_g1_i1::g.2550::m.2550	829de26424d0bcba618b5ddd46ba3f5e	143	Pfam	PF00002	7 transmembrane receptor (Secretin family)	4	112	1.4E-21	T	05-12-2019	IPR000832	GPCR, family 2, secretin-like
TRINITY_DN1009_c0_g1::TRINITY_DN1009_c0_g1_i1::g.2550::m.2550	829de26424d0bcba618b5ddd46ba3f5e	143	ProSiteProfiles	PS50261	G-protein coupled receptors family 2 profile 2.	1	122	18.148	T	05-12-2019	IPR017981	GPCR, family 2-like
TRINITY_DN10007_c0_g1::TRINITY_DN10007_c0_g1_i1::g.8028::m.8028	08afcbc6f69cc81869fee80554f2668f	104	Gene3D	G3DSA:3.40.140.10		1	83	1.1E-10	T	05-12-2019
TRINITY_DN10007_c0_g1::TRINITY_DN10007_c0_g1_i1::g.8028::m.8028	08afcbc6f69cc81869fee80554f2668f	104	SUPERFAMILY	SSF53927		1	34	2.29E-8	T	05-12-2019	IPR016193	Cytidine deaminase-like
TRINITY_DN10068_c0_g1::TRINITY_DN10068_c0_g1_i1::g.8021::m.8021	d56775ca3fad420e907cc042e3065e83	311	MobiDBLite	mobidb-lite	consensus disorder prediction	257	311	-	T	05-12-2019
TRINITY_DN10068_c0_g1::TRINITY_DN10068_c0_g1_i1::g.8021::m.8021	d56775ca3fad420e907cc042e3065e83	311	Gene3D	G3DSA:2.60.120.200		30	245	6.2E-34	T	05-12-2019
TRINITY_DN10068_c0_g1::TRINITY_DN10068_c0_g1_i1::g.8021::m.8021	d56775ca3fad420e907cc042e3065e83	311	SUPERFAMILY	SSF49899		39	236	7.18E-29	T	05-12-2019	IPR013320	Concanavalin A-like lectin/glucanase domain superfamily
TRINITY_DN10068_c0_g1::TRINITY_DN10068_c0_g1_i1::g.8021::m.8021	d56775ca3fad420e907cc042e3065e83	311	SMART	SM00282		98	228	0.0016	T	05-12-2019	IPR001791	Laminin G domain
TRINITY_DN10068_c0_g1::TRINITY_DN10068_c0_g1_i1::g.8021::m.8021	d56775ca3fad420e907cc042e3065e83	311	SMART	SM00210		37	229	8.6E-16	T	05-12-2019	IPR001791	Laminin G domain
TRINITY_DN10012_c0_g1::TRINITY_DN10012_c0_g1_i1::g.8022::m.8022	e18536cba66ba4480e68b39e1a2509b2	280	MobiDBLite	mobidb-lite	consensus disorder prediction	247	280	-	T	05-12-2019
TRINITY_DN10012_c0_g1::TRINITY_DN10012_c0_g1_i1::g.8022::m.8022	e18536cba66ba4480e68b39e1a2509b2	280	Coils	Coil		70	160	-	T	05-12-2019
TRINITY_DN10012_c0_g1::TRINITY_DN10012_c0_g1_i1::g.8022::m.8022	e18536cba66ba4480e68b39e1a2509b2	280	MobiDBLite	mobidb-lite	consensus disorder prediction	248	280	-	T	05-12-2019
TRINITY_DN10012_c0_g1::TRINITY_DN10012_c0_g1_i1::g.8022::m.8022	e18536cba66ba4480e68b39e1a2509b2	280	MobiDBLite	mobidb-lite	consensus disorder prediction	156	183	-	T	05-12-2019
TRINITY_DN10012_c0_g1::TRINITY_DN10012_c0_g1_i1::g.8022::m.8022	e18536cba66ba4480e68b39e1a2509b2	280	Coils	Coil		3	62	-	T	05-12-2019
TRINITY_DN10012_c0_g1::TRINITY_DN10012_c0_g1_i1::g.8022::m.8022	e18536cba66ba4480e68b39e1a2509b2	280	MobiDBLite	mobidb-lite	consensus disorder prediction	184	207	-	T	05-12-2019
TRINITY_DN10012_c0_g1::TRINITY_DN10012_c0_g1_i1::g.8022::m.8022	e18536cba66ba4480e68b39e1a2509b2	280	MobiDBLite	mobidb-lite	consensus disorder prediction	1	35	-	T	05-12-2019
TRINITY_DN10012_c0_g1::TRINITY_DN10012_c0_g1_i1::g.8022::m.8022	e18536cba66ba4480e68b39e1a2509b2	280	Pfam	PF04880	NUDE protein, C-terminal conserved region	108	261	8.2E-37	T	05-12-2019	IPR006964	NUDE domain
TRINITY_DN10012_c0_g1::TRINITY_DN10012_c0_g1_i1::g.8022::m.8022	e18536cba66ba4480e68b39e1a2509b2	280	MobiDBLite	mobidb-lite	consensus disorder prediction	156	207	-	T	05-12-2019
TRINITY_DN10039_c0_g1::TRINITY_DN10039_c0_g1_i1::g.8011::m.8011	8fc0fdf1d0d61a4fb7e9f31c77555555	349	Coils	Coil		317	340	-	T	05-12-2019
TRINITY_DN10039_c0_g1::TRINITY_DN10039_c0_g1_i1::g.8011::m.8011	8fc0fdf1d0d61a4fb7e9f31c77555555	349	Gene3D	G3DSA:3.40.140.10		28	209	1.7E-72	T	05-12-2019
TRINITY_DN10039_c0_g1::TRINITY_DN10039_c0_g1_i1::g.8011::m.8011	8fc0fdf1d0d61a4fb7e9f31c77555555	349	CDD	cd08062	MPN_RPN7_8	31	311	0.0	T	05-12-2019	IPR033858	26S Proteasome non-ATPase regulatory subunit 7/8
TRINITY_DN10039_c0_g1::TRINITY_DN10039_c0_g1_i1::g.8011::m.8011	8fc0fdf1d0d61a4fb7e9f31c77555555	349	Pfam	PF13012	Maintenance of mitochondrial structure and function	190	301	1.2E-36	T	05-12-2019	IPR024969	Rpn11/EIF3F, C-terminal
TRINITY_DN10039_c0_g1::TRINITY_DN10039_c0_g1_i1::g.8011::m.8011	8fc0fdf1d0d61a4fb7e9f31c77555555	349	MobiDBLite	mobidb-lite	consensus disorder prediction	305	349	-	T	05-12-2019
TRINITY_DN10039_c0_g1::TRINITY_DN10039_c0_g1_i1::g.8011::m.8011	8fc0fdf1d0d61a4fb7e9f31c77555555	349	ProSiteProfiles	PS50249	MPN domain profile.	33	168	24.003	T	05-12-2019	IPR037518	MPN domain
TRINITY_DN10039_c0_g1::TRINITY_DN10039_c0_g1_i1::g.8011::m.8011	8fc0fdf1d0d61a4fb7e9f31c77555555	349	SMART	SM00232		32	167	6.7E-39	T	05-12-2019	IPR000555	JAB1/MPN/MOV34 metalloenzyme domain
TRINITY_DN10039_c0_g1::TRINITY_DN10039_c0_g1_i1::g.8011::m.8011	8fc0fdf1d0d61a4fb7e9f31c77555555	349	Pfam	PF01398	JAB1/Mov34/MPN/PAD-1 ubiquitin protease	31	141	9.0E-32	T	05-12-2019	IPR000555	JAB1/MPN/MOV34 metalloenzyme domain
TRINITY_DN10110_c0_g1::TRINITY_DN10110_c0_g1_i1::g.8049::m.8049	036f14f8ec563ef11fb29e04f55db114	204	Gene3D	G3DSA:3.10.20.90		76	174	1.4E-36	T	05-12-2019
TRINITY_DN10110_c0_g1::TRINITY_DN10110_c0_g1_i1::g.8049::m.8049	036f14f8ec563ef11fb29e04f55db114	204	Gene3D	G3DSA:1.25.40.530		2	74	3.0E-16	T	05-12-2019	IPR038185	MyTH4 domain superfamily
TRINITY_DN10110_c0_g1::TRINITY_DN10110_c0_g1_i1::g.8049::m.8049	036f14f8ec563ef11fb29e04f55db114	204	Pfam	PF09379	FERM N-terminal domain	83	154	3.6E-5	T	05-12-2019	IPR018979	FERM, N-terminal
TRINITY_DN10110_c0_g1::TRINITY_DN10110_c0_g1_i1::g.8049::m.8049	036f14f8ec563ef11fb29e04f55db114	204	ProSiteProfiles	PS51016	MyTH4 domain profile.	1	73	23.454	T	05-12-2019	IPR000857	MyTH4 domain
TRINITY_DN10110_c0_g1::TRINITY_DN10110_c0_g1_i1::g.8049::m.8049	036f14f8ec563ef11fb29e04f55db114	204	Pfam	PF00784	MyTH4 domain	4	72	8.3E-13	T	05-12-2019	IPR000857	MyTH4 domain
TRINITY_DN10110_c0_g1::TRINITY_DN10110_c0_g1_i1::g.8049::m.8049	036f14f8ec563ef11fb29e04f55db114	204	ProSiteProfiles	PS50057	FERM domain profile.	79	204	18.356	T	05-12-2019	IPR000299	FERM domain
TRINITY_DN10110_c0_g1::TRINITY_DN10110_c0_g1_i1::g.8049::m.8049	036f14f8ec563ef11fb29e04f55db114	204	SUPERFAMILY	SSF54236		71	179	1.19E-18	T	05-12-2019	IPR029071	Ubiquitin-like domain superfamily
TRINITY_DN10065_c0_g1::TRINITY_DN10065_c0_g1_i1::g.8031::m.8031	8e022ec60d9e21ddf4cd31971b33312b	264	SUPERFAMILY	SSF50729		47	155	2.1E-6	T	05-12-2019
TRINITY_DN10065_c0_g1::TRINITY_DN10065_c0_g1_i1::g.8031::m.8031	8e022ec60d9e21ddf4cd31971b33312b	264	ProSiteProfiles	PS50003	PH domain profile.	1	29	6.877	T	05-12-2019	IPR001849	Pleckstrin homology domain
TRINITY_DN10023_c0_g1::TRINITY_DN10023_c0_g1_i1::g.7997::m.7997	8996dfaa3ac2e90f04ef08cd25d682ab	132	SUPERFAMILY	SSF100895		12	59	3.33E-7	T	05-12-2019	IPR036058	Kazal domain superfamily
TRINITY_DN10023_c0_g1::TRINITY_DN10023_c0_g1_i1::g.7997::m.7997	8996dfaa3ac2e90f04ef08cd25d682ab	132	Pfam	PF07648	Kazal-type serine protease inhibitor domain	16	59	1.9E-6	T	05-12-2019	IPR002350	Kazal domain
TRINITY_DN10023_c0_g1::TRINITY_DN10023_c0_g1_i1::g.7997::m.7997	8996dfaa3ac2e90f04ef08cd25d682ab	132	Pfam	PF03137	Organic Anion Transporter Polypeptide (OATP) family	10	131	2.6E-19	T	05-12-2019	IPR004156	Organic anion transporter polypeptide
TRINITY_DN10023_c0_g1::TRINITY_DN10023_c0_g1_i1::g.7997::m.7997	8996dfaa3ac2e90f04ef08cd25d682ab	132	ProSiteProfiles	PS51465	Kazal domain profile.	9	61	9.469	T	05-12-2019	IPR002350	Kazal domain
TRINITY_DN10083_c0_g1::TRINITY_DN10083_c0_g1_i1::g.8032::m.8032	cd0467f97d46d8e011e3615841afa450	152	Pfam	PF02221	ML domain	22	150	2.9E-27	T	05-12-2019	IPR003172	MD-2-related lipid-recognition domain
TRINITY_DN10083_c0_g1::TRINITY_DN10083_c0_g1_i1::g.8032::m.8032	cd0467f97d46d8e011e3615841afa450	152	CDD	cd00916	Npc2_like	24	148	3.40433E-44	T	05-12-2019	IPR033916	Npc2 like, ML domain
TRINITY_DN10083_c0_g1::TRINITY_DN10083_c0_g1_i1::g.8032::m.8032	cd0467f97d46d8e011e3615841afa450	152	SMART	SM00737		24	148	4.4E-34	T	05-12-2019	IPR003172	MD-2-related lipid-recognition domain
TRINITY_DN10083_c0_g1::TRINITY_DN10083_c0_g1_i1::g.8032::m.8032	cd0467f97d46d8e011e3615841afa450	152	SUPERFAMILY	SSF81296		20	151	2.61E-35	T	05-12-2019	IPR014756	Immunoglobulin E-set
TRINITY_DN10083_c0_g1::TRINITY_DN10083_c0_g1_i1::g.8032::m.8032	cd0467f97d46d8e011e3615841afa450	152	Gene3D	G3DSA:2.60.40.770		20	152	1.7E-46	T	05-12-2019
TRINITY_DN10062_c0_g1::TRINITY_DN10062_c0_g1_i1::g.8019::m.8019	83ef5ddc5d54d0f0b18a3854620a44a8	130	SUPERFAMILY	SSF56112		1	91	7.0E-9	T	05-12-2019	IPR011009	Protein kinase-like domain superfamily
TRINITY_DN10062_c0_g1::TRINITY_DN10062_c0_g1_i1::g.8019::m.8019	83ef5ddc5d54d0f0b18a3854620a44a8	130	Gene3D	G3DSA:1.10.510.10		1	95	9.0E-20	T	05-12-2019
TRINITY_DN10071_c0_g1::TRINITY_DN10071_c0_g1_i1::g.8006::m.8006	ea4588b13851933cdbd7226d73b21f5e	135	Gene3D	G3DSA:1.20.120.230		1	72	4.4E-27	T	05-12-2019
TRINITY_DN10071_c0_g1::TRINITY_DN10071_c0_g1_i1::g.8006::m.8006	ea4588b13851933cdbd7226d73b21f5e	135	Pfam	PF01044	Vinculin family	2	134	4.4E-24	T	05-12-2019	IPR006077	Vinculin/alpha-catenin
TRINITY_DN10071_c0_g1::TRINITY_DN10071_c0_g1_i1::g.8006::m.8006	ea4588b13851933cdbd7226d73b21f5e	135	SUPERFAMILY	SSF47220		2	71	9.94E-20	T	05-12-2019	IPR036723	Alpha-catenin/vinculin-like superfamily
TRINITY_DN10001_c0_g1::TRINITY_DN10001_c0_g1_i1::g.8012::m.8012	56b3b6a0ea1581661738749d6df4abc3	240	ProSiteProfiles	PS50052	Guanylate kinase-like domain profile.	51	233	43.935	T	05-12-2019	IPR008144	Guanylate kinase-like domain
TRINITY_DN10001_c0_g1::TRINITY_DN10001_c0_g1_i1::g.8012::m.8012	56b3b6a0ea1581661738749d6df4abc3	240	Gene3D	G3DSA:3.40.50.300		55	227	3.0E-73	T	05-12-2019
TRINITY_DN10001_c0_g1::TRINITY_DN10001_c0_g1_i1::g.8012::m.8012	56b3b6a0ea1581661738749d6df4abc3	240	ProSitePatterns	PS00856	Guanylate kinase-like signature.	86	103	-	T	05-12-2019	IPR020590	Guanylate kinase, conserved site
TRINITY_DN10001_c0_g1::TRINITY_DN10001_c0_g1_i1::g.8012::m.8012	56b3b6a0ea1581661738749d6df4abc3	240	SUPERFAMILY	SSF52540		50	235	2.79E-65	T	05-12-2019	IPR027417	P-loop containing nucleoside triphosphate hydrolase
TRINITY_DN10001_c0_g1::TRINITY_DN10001_c0_g1_i1::g.8012::m.8012	56b3b6a0ea1581661738749d6df4abc3	240	TIGRFAM	TIGR03263	guanyl_kin: guanylate kinase	53	233	2.5E-63	T	05-12-2019	IPR017665	Guanylate kinase
TRINITY_DN10001_c0_g1::TRINITY_DN10001_c0_g1_i1::g.8012::m.8012	56b3b6a0ea1581661738749d6df4abc3	240	CDD	cd00071	GMPK	53	229	1.70397E-64	T	05-12-2019
TRINITY_DN10001_c0_g1::TRINITY_DN10001_c0_g1_i1::g.8012::m.8012	56b3b6a0ea1581661738749d6df4abc3	240	Gene3D	G3DSA:3.30.63.10		83	142	3.0E-73	T	05-12-2019
TRINITY_DN10001_c0_g1::TRINITY_DN10001_c0_g1_i1::g.8012::m.8012	56b3b6a0ea1581661738749d6df4abc3	240	Hamap	MF_00328	Guanylate kinase [gmk].	49	236	30.562	T	05-12-2019	IPR017665	Guanylate kinase
TRINITY_DN10001_c0_g1::TRINITY_DN10001_c0_g1_i1::g.8012::m.8012	56b3b6a0ea1581661738749d6df4abc3	240	SMART	SM00072		50	236	3.1E-79	T	05-12-2019	IPR008145	Guanylate kinase/L-type calcium channel beta subunit
TRINITY_DN10001_c0_g1::TRINITY_DN10001_c0_g1_i1::g.8012::m.8012	56b3b6a0ea1581661738749d6df4abc3	240	Pfam	PF00625	Guanylate kinase	51	234	6.7E-63	T	05-12-2019	IPR008145	Guanylate kinase/L-type calcium channel beta subunit
TRINITY_DN10085_c0_g1::TRINITY_DN10085_c0_g1_i1::g.8020::m.8020	f4f060330aee1d99b07bbf6107d9916c	228	Coils	Coil		195	222	-	T	05-12-2019
TRINITY_DN10085_c0_g1::TRINITY_DN10085_c0_g1_i1::g.8020::m.8020	f4f060330aee1d99b07bbf6107d9916c	228	Pfam	PF04849	HAP1 N-terminal conserved region	9	228	4.3E-57	T	05-12-2019	IPR006933	HAP1, N-terminal
TRINITY_DN10031_c0_g1::TRINITY_DN10031_c0_g1_i1::g.7993::m.7993	78a866bd99e325ba64403448e0f9091a	224	Gene3D	G3DSA:3.40.1120.10		21	217	4.1E-109	T	05-12-2019	IPR024794	Ribosomal protein L15e core domain superfamily
TRINITY_DN10031_c0_g1::TRINITY_DN10031_c0_g1_i1::g.7993::m.7993	78a866bd99e325ba64403448e0f9091a	224	SUPERFAMILY	SSF54189		20	214	2.35E-93	T	05-12-2019	IPR012678	Ribosomal protein L23/L15e core domain superfamily
TRINITY_DN10031_c0_g1::TRINITY_DN10031_c0_g1_i1::g.7993::m.7993	78a866bd99e325ba64403448e0f9091a	224	Pfam	PF00827	Ribosomal L15	22	211	2.6E-94	T	05-12-2019	IPR000439	Ribosomal protein L15e
TRINITY_DN10031_c0_g1::TRINITY_DN10031_c0_g1_i1::g.7993::m.7993	78a866bd99e325ba64403448e0f9091a	224	SMART	SM01384		22	213	4.1E-140	T	05-12-2019	IPR000439	Ribosomal protein L15e
TRINITY_DN10031_c0_g1::TRINITY_DN10031_c0_g1_i1::g.7993::m.7993	78a866bd99e325ba64403448e0f9091a	224	ProSitePatterns	PS01194	Ribosomal protein L15e signature.	66	89	-	T	05-12-2019	IPR020925	Ribosomal protein L15e, conserved site
TRINITY_DN10045_c0_g1::TRINITY_DN10045_c0_g1_i1::g.8009::m.8009	77460b0f0cf963f677a4369ea5fc08d0	302	Gene3D	G3DSA:2.130.10.120		1	255	1.3E-63	T	05-12-2019
TRINITY_DN10045_c0_g1::TRINITY_DN10045_c0_g1_i1::g.8009::m.8009	77460b0f0cf963f677a4369ea5fc08d0	302	SUPERFAMILY	SSF50993		8	254	8.89E-31	T	05-12-2019
TRINITY_DN10045_c0_g1::TRINITY_DN10045_c0_g1_i1::g.8009::m.8009	77460b0f0cf963f677a4369ea5fc08d0	302	Pfam	PF02897	Prolyl oligopeptidase, N-terminal beta-propeller domain	27	252	5.8E-38	T	05-12-2019	IPR023302	Peptidase S9A, N-terminal domain
TRINITY_DN10036_c0_g1::TRINITY_DN10036_c0_g1_i1::g.7991::m.7991	7a2b3dea744ad829da09c943c91c259c	190	SUPERFAMILY	SSF55961		1	178	2.31E-12	T	05-12-2019
TRINITY_DN10036_c0_g1::TRINITY_DN10036_c0_g1_i1::g.7991::m.7991	7a2b3dea744ad829da09c943c91c259c	190	Gene3D	G3DSA:3.30.530.20		1	187	3.1E-9	T	05-12-2019	IPR023393	START-like domain superfamily
TRINITY_DN1013_c0_g1::TRINITY_DN1013_c0_g1_i2::g.2612::m.2612	4124ae1114b09a15d4fc218a69250eb9	151	MobiDBLite	mobidb-lite	consensus disorder prediction	1	20	-	T	05-12-2019
TRINITY_DN1013_c0_g1::TRINITY_DN1013_c0_g1_i2::g.2612::m.2612	4124ae1114b09a15d4fc218a69250eb9	151	Pfam	PF13637	Ankyrin repeats (many copies)	90	142	1.1E-5	T	05-12-2019
TRINITY_DN1013_c0_g1::TRINITY_DN1013_c0_g1_i2::g.2612::m.2612	4124ae1114b09a15d4fc218a69250eb9	151	Pfam	PF12796	Ankyrin repeats (3 copies)	10	84	2.8E-10	T	05-12-2019	IPR020683	Ankyrin repeat-containing domain
TRINITY_DN1013_c0_g1::TRINITY_DN1013_c0_g1_i2::g.2612::m.2612	4124ae1114b09a15d4fc218a69250eb9	151	Gene3D	G3DSA:1.25.40.20		4	151	1.0E-27	T	05-12-2019	IPR036770	Ankyrin repeat-containing domain superfamily
TRINITY_DN1013_c0_g1::TRINITY_DN1013_c0_g1_i2::g.2612::m.2612	4124ae1114b09a15d4fc218a69250eb9	151	ProSiteProfiles	PS50088	Ankyrin repeat profile.	52	74	10.419	T	05-12-2019	IPR002110	Ankyrin repeat
TRINITY_DN1013_c0_g1::TRINITY_DN1013_c0_g1_i2::g.2612::m.2612	4124ae1114b09a15d4fc218a69250eb9	151	ProSiteProfiles	PS50297	Ankyrin repeat region circular profile.	8	143	22.649	T	05-12-2019	IPR020683	Ankyrin repeat-containing domain
TRINITY_DN1013_c0_g1::TRINITY_DN1013_c0_g1_i2::g.2612::m.2612	4124ae1114b09a15d4fc218a69250eb9	151	SUPERFAMILY	SSF48403		10	150	2.64E-25	T	05-12-2019	IPR036770	Ankyrin repeat-containing domain superfamily
TRINITY_DN1013_c0_g1::TRINITY_DN1013_c0_g1_i2::g.2612::m.2612	4124ae1114b09a15d4fc218a69250eb9	151	SMART	SM00248		121	151	0.01	T	05-12-2019	IPR002110	Ankyrin repeat
TRINITY_DN1013_c0_g1::TRINITY_DN1013_c0_g1_i2::g.2612::m.2612	4124ae1114b09a15d4fc218a69250eb9	151	SMART	SM00248		52	82	6.8E-4	T	05-12-2019	IPR002110	Ankyrin repeat
TRINITY_DN1013_c0_g1::TRINITY_DN1013_c0_g1_i2::g.2612::m.2612	4124ae1114b09a15d4fc218a69250eb9	151	SMART	SM00248		86	116	170.0	T	05-12-2019	IPR002110	Ankyrin repeat
TRINITY_DN1013_c0_g1::TRINITY_DN1013_c0_g1_i2::g.2612::m.2612	4124ae1114b09a15d4fc218a69250eb9	151	CDD	cd00204	ANK	23	142	9.63937E-20	T	05-12-2019	IPR020683	Ankyrin repeat-containing domain
TRINITY_DN10095_c0_g1::TRINITY_DN10095_c0_g1_i1::g.8026::m.8026	1f44a7b93b71137d1ac57bfd9e2924e2	183	MobiDBLite	mobidb-lite	consensus disorder prediction	43	183	-	T	05-12-2019
TRINITY_DN10095_c0_g1::TRINITY_DN10095_c0_g1_i1::g.8026::m.8026	1f44a7b93b71137d1ac57bfd9e2924e2	183	MobiDBLite	mobidb-lite	consensus disorder prediction	43	81	-	T	05-12-2019
TRINITY_DN10095_c0_g1::TRINITY_DN10095_c0_g1_i1::g.8026::m.8026	1f44a7b93b71137d1ac57bfd9e2924e2	183	MobiDBLite	mobidb-lite	consensus disorder prediction	144	164	-	T	05-12-2019
TRINITY_DN10095_c0_g1::TRINITY_DN10095_c0_g1_i1::g.8026::m.8026	1f44a7b93b71137d1ac57bfd9e2924e2	183	SMART	SM01104		36	161	1.9E-19	T	05-12-2019	IPR024945	Spt5 C-terminal domain
TRINITY_DN10146_c0_g1::TRINITY_DN10146_c0_g1_i1::g.8044::m.8044	d20cffd6b9d2364c2d40cc5a9fb27237	101	Gene3D	G3DSA:3.40.1030.10		1	101	3.3E-42	T	05-12-2019	IPR035902	Nucleoside phosphorylase/phosphoribosyltransferase catalytic domain superfamily
TRINITY_DN10146_c0_g1::TRINITY_DN10146_c0_g1_i1::g.8044::m.8044	d20cffd6b9d2364c2d40cc5a9fb27237	101	SUPERFAMILY	SSF52418		2	101	2.09E-27	T	05-12-2019	IPR035902	Nucleoside phosphorylase/phosphoribosyltransferase catalytic domain superfamily
TRINITY_DN10146_c0_g1::TRINITY_DN10146_c0_g1_i1::g.8044::m.8044	d20cffd6b9d2364c2d40cc5a9fb27237	101	Pfam	PF00591	Glycosyl transferase family, a/b domain	1	100	2.7E-9	T	05-12-2019	IPR000312	Glycosyl transferase, family 3
TRINITY_DN10000_c0_g1::TRINITY_DN10000_c0_g1_i1::g.8001::m.8001	c153ee4324e5705893447522b4bc1c84	106	SUPERFAMILY	SSF51735		10	90	7.58E-5	T	05-12-2019	IPR036291	NAD(P)-binding domain superfamily
TRINITY_DN10000_c0_g1::TRINITY_DN10000_c0_g1_i1::g.8001::m.8001	c153ee4324e5705893447522b4bc1c84	106	PRINTS	PR01449	Calcium-activated BK potassium channel alpha subunit signature	35	55	8.8E-8	T	05-12-2019
TRINITY_DN10000_c0_g1::TRINITY_DN10000_c0_g1_i1::g.8001::m.8001	c153ee4324e5705893447522b4bc1c84	106	PRINTS	PR01449	Calcium-activated BK potassium channel alpha subunit signature	68	81	8.8E-8	T	05-12-2019
TRINITY_DN10000_c0_g1::TRINITY_DN10000_c0_g1_i1::g.8001::m.8001	c153ee4324e5705893447522b4bc1c84	106	Gene3D	G3DSA:3.40.50.720		1	91	2.7E-11	T	05-12-2019
TRINITY_DN10102_c0_g1::TRINITY_DN10102_c0_g1_i1::g.8045::m.8045	02d16f8f23ad4ef2f08ccefcc0daec31	152	MobiDBLite	mobidb-lite	consensus disorder prediction	54	78	-	T	05-12-2019
TRINITY_DN10102_c0_g1::TRINITY_DN10102_c0_g1_i1::g.8045::m.8045	02d16f8f23ad4ef2f08ccefcc0daec31	152	SUPERFAMILY	SSF54768		4	28	1.16E-5	T	05-12-2019
TRINITY_DN10102_c0_g1::TRINITY_DN10102_c0_g1_i1::g.8045::m.8045	02d16f8f23ad4ef2f08ccefcc0daec31	152	MobiDBLite	mobidb-lite	consensus disorder prediction	29	87	-	T	05-12-2019
TRINITY_DN10102_c0_g1::TRINITY_DN10102_c0_g1_i1::g.8045::m.8045	02d16f8f23ad4ef2f08ccefcc0daec31	152	MobiDBLite	mobidb-lite	consensus disorder prediction	120	152	-	T	05-12-2019
TRINITY_DN10018_c0_g1::TRINITY_DN10018_c0_g1_i1::g.7986::m.7986	396c18b33f4ffc1580271d8f2f337a6a	119	Pfam	PF01369	Sec7 domain	2	114	4.0E-47	T	05-12-2019	IPR000904	Sec7 domain
TRINITY_DN10018_c0_g1::TRINITY_DN10018_c0_g1_i1::g.7986::m.7986	396c18b33f4ffc1580271d8f2f337a6a	119	ProSiteProfiles	PS50190	SEC7 domain profile.	2	112	27.776	T	05-12-2019	IPR000904	Sec7 domain
TRINITY_DN10018_c0_g1::TRINITY_DN10018_c0_g1_i1::g.7986::m.7986	396c18b33f4ffc1580271d8f2f337a6a	119	CDD	cd00171	Sec7	3	114	1.61057E-57	T	05-12-2019	IPR000904	Sec7 domain
TRINITY_DN10018_c0_g1::TRINITY_DN10018_c0_g1_i1::g.7986::m.7986	396c18b33f4ffc1580271d8f2f337a6a	119	SUPERFAMILY	SSF48425		2	116	3.27E-50	T	05-12-2019	IPR035999	Sec7 domain superfamily
TRINITY_DN10018_c0_g1::TRINITY_DN10018_c0_g1_i1::g.7986::m.7986	396c18b33f4ffc1580271d8f2f337a6a	119	SMART	SM00222		1	114	6.1E-26	T	05-12-2019	IPR000904	Sec7 domain
TRINITY_DN10018_c0_g1::TRINITY_DN10018_c0_g1_i1::g.7986::m.7986	396c18b33f4ffc1580271d8f2f337a6a	119	Gene3D	G3DSA:1.10.1000.11		5	119	1.7E-49	T	05-12-2019	IPR023394	Sec7, C-terminal domain superfamily
TRINITY_DN10055_c0_g1::TRINITY_DN10055_c0_g1_i1::g.7999::m.7999	e11ebd9ed8c5390c08441a72dcea3abc	164	Gene3D	G3DSA:1.10.630.10		1	163	1.3E-59	T	05-12-2019	IPR036396	Cytochrome P450 superfamily
TRINITY_DN10055_c0_g1::TRINITY_DN10055_c0_g1_i1::g.7999::m.7999	e11ebd9ed8c5390c08441a72dcea3abc	164	SUPERFAMILY	SSF48264		10	157	1.96E-53	T	05-12-2019	IPR036396	Cytochrome P450 superfamily
TRINITY_DN10055_c0_g1::TRINITY_DN10055_c0_g1_i1::g.7999::m.7999	e11ebd9ed8c5390c08441a72dcea3abc	164	PRINTS	PR00463	E-class P450 group I signature	129	153	1.3E-12	T	05-12-2019	IPR002401	Cytochrome P450, E-class, group I
TRINITY_DN10055_c0_g1::TRINITY_DN10055_c0_g1_i1::g.7999::m.7999	e11ebd9ed8c5390c08441a72dcea3abc	164	PRINTS	PR00463	E-class P450 group I signature	46	72	1.3E-12	T	05-12-2019	IPR002401	Cytochrome P450, E-class, group I
TRINITY_DN10055_c0_g1::TRINITY_DN10055_c0_g1_i1::g.7999::m.7999	e11ebd9ed8c5390c08441a72dcea3abc	164	PRINTS	PR00463	E-class P450 group I signature	26	43	1.3E-12	T	05-12-2019	IPR002401	Cytochrome P450, E-class, group I
TRINITY_DN10055_c0_g1::TRINITY_DN10055_c0_g1_i1::g.7999::m.7999	e11ebd9ed8c5390c08441a72dcea3abc	164	Pfam	PF00067	Cytochrome P450	12	156	3.0E-53	T	05-12-2019	IPR001128	Cytochrome P450
TRINITY_DN10055_c0_g1::TRINITY_DN10055_c0_g1_i1::g.7999::m.7999	e11ebd9ed8c5390c08441a72dcea3abc	164	PRINTS	PR00385	P450 superfamily signature	90	101	7.3E-8	T	05-12-2019	IPR001128	Cytochrome P450
TRINITY_DN10055_c0_g1::TRINITY_DN10055_c0_g1_i1::g.7999::m.7999	e11ebd9ed8c5390c08441a72dcea3abc	164	PRINTS	PR00385	P450 superfamily signature	37	54	7.3E-8	T	05-12-2019	IPR001128	Cytochrome P450
TRINITY_DN10104_c0_g1::TRINITY_DN10104_c0_g1_i1::g.8057::m.8057	5a5974db47772910c03952d26e7df726	162	SUPERFAMILY	SSF48371		14	159	8.92E-41	T	05-12-2019	IPR016024	Armadillo-type fold
TRINITY_DN10104_c0_g1::TRINITY_DN10104_c0_g1_i1::g.8057::m.8057	5a5974db47772910c03952d26e7df726	162	Gene3D	G3DSA:1.25.40.180		1	157	2.2E-48	T	05-12-2019	IPR016021	MIF4G-like domain superfamily
TRINITY_DN10104_c0_g1::TRINITY_DN10104_c0_g1_i1::g.8057::m.8057	5a5974db47772910c03952d26e7df726	162	Pfam	PF09090	MIF4G like	8	148	5.7E-45	T	05-12-2019	IPR015174	MIF4G-like, type 2
TRINITY_DN10104_c0_g1::TRINITY_DN10104_c0_g1_i1::g.8057::m.8057	5a5974db47772910c03952d26e7df726	162	Coils	Coil		128	155	-	T	05-12-2019
TRINITY_DN10075_c0_g1::TRINITY_DN10075_c0_g1_i1::g.8004::m.8004	470c9074b571be5aea01fcac977578af	161	Coils	Coil		48	142	-	T	05-12-2019
TRINITY_DN10075_c0_g1::TRINITY_DN10075_c0_g1_i1::g.8004::m.8004	470c9074b571be5aea01fcac977578af	161	Coils	Coil		7	27	-	T	05-12-2019
TRINITY_DN10024_c0_g1::TRINITY_DN10024_c0_g1_i1::g.8010::m.8010	60daab715aef2cd0a220a721a64f106b	237	Pfam	PF08429	PLU-1-like protein	1	150	2.7E-39	T	05-12-2019	IPR013637	Lysine-specific demethylase-like domain
TRINITY_DN10024_c0_g1::TRINITY_DN10024_c0_g1_i1::g.8010::m.8010	60daab715aef2cd0a220a721a64f106b	237	Coils	Coil		170	190	-	T	05-12-2019
TRINITY_DN10024_c0_g1::TRINITY_DN10024_c0_g1_i1::g.8010::m.8010	60daab715aef2cd0a220a721a64f106b	237	MobiDBLite	mobidb-lite	consensus disorder prediction	162	181	-	T	05-12-2019
TRINITY_DN1006_c0_g2::TRINITY_DN1006_c0_g2_i2::g.2607::m.2607	ff38c34d935586ba78d2acfe79ee2f48	131	Gene3D	G3DSA:3.40.50.11660		1	102	5.5E-29	T	05-12-2019	IPR038577	GT10-like superfamily
TRINITY_DN1006_c0_g2::TRINITY_DN1006_c0_g2_i2::g.2607::m.2607	ff38c34d935586ba78d2acfe79ee2f48	131	Pfam	PF00852	Glycosyltransferase family 10 (fucosyltransferase) C-term	4	128	7.2E-36	T	05-12-2019	IPR001503	Glycosyl transferase family 10
TRINITY_DN1006_c0_g2::TRINITY_DN1006_c0_g2_i2::g.2607::m.2607	ff38c34d935586ba78d2acfe79ee2f48	131	SUPERFAMILY	SSF53756		2	128	7.22E-38	T	05-12-2019
TRINITY_DN10043_c0_g1::TRINITY_DN10043_c0_g1_i1::g.8030::m.8030	306ace08042eee78aae5a719186ebae4	204	ProSiteProfiles	PS50294	Trp-Asp (WD) repeats circular profile.	24	204	17.403	T	05-12-2019	IPR017986	WD40-repeat-containing domain
TRINITY_DN10043_c0_g1::TRINITY_DN10043_c0_g1_i1::g.8030::m.8030	306ace08042eee78aae5a719186ebae4	204	SMART	SM00320		155	195	7.2E-8	T	05-12-2019	IPR001680	WD40 repeat
TRINITY_DN10043_c0_g1::TRINITY_DN10043_c0_g1_i1::g.8030::m.8030	306ace08042eee78aae5a719186ebae4	204	SMART	SM00320		106	151	31.0	T	05-12-2019	IPR001680	WD40 repeat
TRINITY_DN10043_c0_g1::TRINITY_DN10043_c0_g1_i1::g.8030::m.8030	306ace08042eee78aae5a719186ebae4	204	SMART	SM00320		58	103	6.4	T	05-12-2019	IPR001680	WD40 repeat
TRINITY_DN10043_c0_g1::TRINITY_DN10043_c0_g1_i1::g.8030::m.8030	306ace08042eee78aae5a719186ebae4	204	SMART	SM00320		17	57	2.2E-5	T	05-12-2019	IPR001680	WD40 repeat
TRINITY_DN10043_c0_g1::TRINITY_DN10043_c0_g1_i1::g.8030::m.8030	306ace08042eee78aae5a719186ebae4	204	ProSiteProfiles	PS50082	Trp-Asp (WD) repeats profile.	24	66	12.447	T	05-12-2019	IPR001680	WD40 repeat
TRINITY_DN10043_c0_g1::TRINITY_DN10043_c0_g1_i1::g.8030::m.8030	306ace08042eee78aae5a719186ebae4	204	Gene3D	G3DSA:2.130.10.10		1	203	1.5E-72	T	05-12-2019	IPR015943	WD40/YVTN repeat-like-containing domain superfamily
TRINITY_DN10043_c0_g1::TRINITY_DN10043_c0_g1_i1::g.8030::m.8030	306ace08042eee78aae5a719186ebae4	204	ProSiteProfiles	PS50082	Trp-Asp (WD) repeats profile.	162	195	10.141	T	05-12-2019	IPR001680	WD40 repeat
TRINITY_DN10043_c0_g1::TRINITY_DN10043_c0_g1_i1::g.8030::m.8030	306ace08042eee78aae5a719186ebae4	204	ProSitePatterns	PS00678	Trp-Asp (WD) repeats signature.	44	58	-	T	05-12-2019	IPR019775	WD40 repeat, conserved site
TRINITY_DN10043_c0_g1::TRINITY_DN10043_c0_g1_i1::g.8030::m.8030	306ace08042eee78aae5a719186ebae4	204	SUPERFAMILY	SSF50978		2	200	3.21E-36	T	05-12-2019	IPR036322	WD40-repeat-containing domain superfamily
TRINITY_DN10043_c0_g1::TRINITY_DN10043_c0_g1_i1::g.8030::m.8030	306ace08042eee78aae5a719186ebae4	204	Pfam	PF00400	WD domain, G-beta repeat	157	195	3.6E-4	T	05-12-2019	IPR001680	WD40 repeat
TRINITY_DN10043_c0_g1::TRINITY_DN10043_c0_g1_i1::g.8030::m.8030	306ace08042eee78aae5a719186ebae4	204	Pfam	PF00400	WD domain, G-beta repeat	27	57	0.027	T	05-12-2019	IPR001680	WD40 repeat
TRINITY_DN10141_c0_g1::TRINITY_DN10141_c0_g1_i1::g.8056::m.8056	028a10ba27fb9c8b65330122359827d9	152	MobiDBLite	mobidb-lite	consensus disorder prediction	80	152	-	T	05-12-2019
TRINITY_DN10141_c0_g1::TRINITY_DN10141_c0_g1_i1::g.8056::m.8056	028a10ba27fb9c8b65330122359827d9	152	MobiDBLite	mobidb-lite	consensus disorder prediction	128	142	-	T	05-12-2019
TRINITY_DN10060_c0_g1::TRINITY_DN10060_c0_g1_i1::g.8002::m.8002	c1b47544513cb6b94145d5c18b760e56	132	SUPERFAMILY	SSF52047		4	109	6.28E-21	T	05-12-2019
TRINITY_DN10060_c0_g1::TRINITY_DN10060_c0_g1_i1::g.8002::m.8002	c1b47544513cb6b94145d5c18b760e56	132	Gene3D	G3DSA:3.80.10.10		1	129	2.2E-24	T	05-12-2019	IPR032675	Leucine-rich repeat domain superfamily
TRINITY_DN10060_c0_g1::TRINITY_DN10060_c0_g1_i1::g.8002::m.8002	c1b47544513cb6b94145d5c18b760e56	132	Pfam	PF13516	Leucine Rich repeat	37	59	0.47	T	05-12-2019	IPR001611	Leucine-rich repeat
TRINITY_DN10060_c0_g1::TRINITY_DN10060_c0_g1_i1::g.8002::m.8002	c1b47544513cb6b94145d5c18b760e56	132	Pfam	PF13516	Leucine Rich repeat	10	34	0.078	T	05-12-2019	IPR001611	Leucine-rich repeat
TRINITY_DN10060_c0_g1::TRINITY_DN10060_c0_g1_i1::g.8002::m.8002	c1b47544513cb6b94145d5c18b760e56	132	SMART	SM00367		89	114	0.46	T	05-12-2019	IPR006553	Leucine-rich repeat, cysteine-containing subtype
TRINITY_DN10060_c0_g1::TRINITY_DN10060_c0_g1_i1::g.8002::m.8002	c1b47544513cb6b94145d5c18b760e56	132	SMART	SM00367		11	36	1.6E-4	T	05-12-2019	IPR006553	Leucine-rich repeat, cysteine-containing subtype
TRINITY_DN10060_c0_g1::TRINITY_DN10060_c0_g1_i1::g.8002::m.8002	c1b47544513cb6b94145d5c18b760e56	132	SMART	SM00367		37	62	9.8E-4	T	05-12-2019	IPR006553	Leucine-rich repeat, cysteine-containing subtype
TRINITY_DN10060_c0_g1::TRINITY_DN10060_c0_g1_i1::g.8002::m.8002	c1b47544513cb6b94145d5c18b760e56	132	SMART	SM00367		63	88	1.3E-4	T	05-12-2019	IPR006553	Leucine-rich repeat, cysteine-containing subtype
TRINITY_DN1007_c0_g1::TRINITY_DN1007_c0_g1_i1::g.2575::m.2575	621d071ad48b035eff1b15a3f01adab0	516	CDD	cd00433	Peptidase_M17	52	509	2.2807E-115	T	05-12-2019	IPR011356	Peptidase M17, leucine aminopeptidase/peptidase B
TRINITY_DN1007_c0_g1::TRINITY_DN1007_c0_g1_i1::g.2575::m.2575	621d071ad48b035eff1b15a3f01adab0	516	PRINTS	PR00481	Cytosol aminopeptidase signature	281	302	4.0E-32	T	05-12-2019	IPR011356	Peptidase M17, leucine aminopeptidase/peptidase B
TRINITY_DN1007_c0_g1::TRINITY_DN1007_c0_g1_i1::g.2575::m.2575	621d071ad48b035eff1b15a3f01adab0	516	PRINTS	PR00481	Cytosol aminopeptidase signature	259	276	4.0E-32	T	05-12-2019	IPR011356	Peptidase M17, leucine aminopeptidase/peptidase B
TRINITY_DN1007_c0_g1::TRINITY_DN1007_c0_g1_i1::g.2575::m.2575	621d071ad48b035eff1b15a3f01adab0	516	PRINTS	PR00481	Cytosol aminopeptidase signature	341	361	4.0E-32	T	05-12-2019	IPR011356	Peptidase M17, leucine aminopeptidase/peptidase B
TRINITY_DN1007_c0_g1::TRINITY_DN1007_c0_g1_i1::g.2575::m.2575	621d071ad48b035eff1b15a3f01adab0	516	PRINTS	PR00481	Cytosol aminopeptidase signature	319	340	4.0E-32	T	05-12-2019	IPR011356	Peptidase M17, leucine aminopeptidase/peptidase B
TRINITY_DN1007_c0_g1::TRINITY_DN1007_c0_g1_i1::g.2575::m.2575	621d071ad48b035eff1b15a3f01adab0	516	PRINTS	PR00481	Cytosol aminopeptidase signature	373	388	4.0E-32	T	05-12-2019	IPR011356	Peptidase M17, leucine aminopeptidase/peptidase B
TRINITY_DN1007_c0_g1::TRINITY_DN1007_c0_g1_i1::g.2575::m.2575	621d071ad48b035eff1b15a3f01adab0	516	Pfam	PF00883	Cytosol aminopeptidase family, catalytic domain	179	491	7.4E-66	T	05-12-2019	IPR000819	Peptidase M17, leucyl aminopeptidase, C-terminal
TRINITY_DN1007_c0_g1::TRINITY_DN1007_c0_g1_i1::g.2575::m.2575	621d071ad48b035eff1b15a3f01adab0	516	ProSitePatterns	PS00631	Cytosol aminopeptidase signature.	345	352	-	T	05-12-2019	IPR000819	Peptidase M17, leucyl aminopeptidase, C-terminal
TRINITY_DN1007_c0_g1::TRINITY_DN1007_c0_g1_i1::g.2575::m.2575	621d071ad48b035eff1b15a3f01adab0	516	Gene3D	G3DSA:3.40.630.10		165	515	3.2E-82	T	05-12-2019
TRINITY_DN1007_c0_g1::TRINITY_DN1007_c0_g1_i1::g.2575::m.2575	621d071ad48b035eff1b15a3f01adab0	516	Coils	Coil		513	516	-	T	05-12-2019
TRINITY_DN1007_c0_g1::TRINITY_DN1007_c0_g1_i1::g.2575::m.2575	621d071ad48b035eff1b15a3f01adab0	516	SUPERFAMILY	SSF53187		173	513	3.45E-72	T	05-12-2019
TRINITY_DN10034_c0_g1::TRINITY_DN10034_c0_g1_i1::g.8007::m.8007	b19e9b0903902e5dc1310fe8f36d4d86	164	SUPERFAMILY	SSF54427		38	161	5.5E-33	T	05-12-2019	IPR032710	NTF2-like domain superfamily
TRINITY_DN10034_c0_g1::TRINITY_DN10034_c0_g1_i1::g.8007::m.8007	b19e9b0903902e5dc1310fe8f36d4d86	164	Gene3D	G3DSA:3.10.450.50		14	163	4.2E-56	T	05-12-2019
TRINITY_DN10034_c0_g1::TRINITY_DN10034_c0_g1_i1::g.8007::m.8007	b19e9b0903902e5dc1310fe8f36d4d86	164	Pfam	PF08332	Calcium/calmodulin dependent protein kinase II association domain	38	163	3.9E-44	T	05-12-2019	IPR013543	Calcium/calmodulin-dependent protein kinase II, association-domain
TRINITY_DN10096_c0_g1::TRINITY_DN10096_c0_g1_i1::g.7990::m.7990	9e28996f68b95305cef58e04f005d98c	141	Pfam	PF17903	Krr1 KH1 domain	12	83	2.1E-5	T	05-12-2019	IPR041174	Krr1, KH1 domain
TRINITY_DN10096_c0_g1::TRINITY_DN10096_c0_g1_i1::g.7990::m.7990	9e28996f68b95305cef58e04f005d98c	141	SUPERFAMILY	SSF54791		91	139	3.61E-8	T	05-12-2019	IPR036612	K Homology domain, type 1 superfamily
TRINITY_DN10096_c0_g1::TRINITY_DN10096_c0_g1_i1::g.7990::m.7990	9e28996f68b95305cef58e04f005d98c	141	Gene3D	G3DSA:3.30.1370.10		90	141	1.1E-10	T	05-12-2019	IPR036612	K Homology domain, type 1 superfamily
TRINITY_DN10112_c0_g1::TRINITY_DN10112_c0_g1_i1::g.8072::m.8072	292e74a5033cda4488713a2c36953bbe	101	SUPERFAMILY	SSF57850		12	71	1.26E-6	T	05-12-2019
TRINITY_DN10112_c0_g1::TRINITY_DN10112_c0_g1_i1::g.8072::m.8072	292e74a5033cda4488713a2c36953bbe	101	ProSiteProfiles	PS50089	Zinc finger RING-type profile.	21	67	9.583	T	05-12-2019	IPR001841	Zinc finger, RING-type
TRINITY_DN10112_c0_g1::TRINITY_DN10112_c0_g1_i1::g.8072::m.8072	292e74a5033cda4488713a2c36953bbe	101	Gene3D	G3DSA:3.30.40.10		3	93	1.8E-9	T	05-12-2019	IPR013083	Zinc finger, RING/FYVE/PHD-type
TRINITY_DN10124_c0_g1::TRINITY_DN10124_c0_g1_i1::g.8055::m.8055	f6d501efe6056cd85e6588ad6c1ad39e	102	SUPERFAMILY	SSF50978		15	95	8.55E-9	T	05-12-2019	IPR036322	WD40-repeat-containing domain superfamily
TRINITY_DN10124_c0_g1::TRINITY_DN10124_c0_g1_i1::g.8055::m.8055	f6d501efe6056cd85e6588ad6c1ad39e	102	Gene3D	G3DSA:2.130.10.10		26	101	5.5E-10	T	05-12-2019	IPR015943	WD40/YVTN repeat-like-containing domain superfamily
TRINITY_DN10004_c0_g1::TRINITY_DN10004_c0_g1_i1::g.8029::m.8029	a71101666eee06ffbb846141ef41cbfe	178	Pfam	PF03148	Tektin family	1	177	4.0E-61	T	05-12-2019
TRINITY_DN10004_c0_g1::TRINITY_DN10004_c0_g1_i1::g.8029::m.8029	a71101666eee06ffbb846141ef41cbfe	178	Coils	Coil		9	29	-	T	05-12-2019
TRINITY_DN10103_c0_g1::TRINITY_DN10103_c0_g1_i1::g.8080::m.8080	8679b1104f861ca33efc09b6630f1b26	172	MobiDBLite	mobidb-lite	consensus disorder prediction	114	143	-	T	05-12-2019
TRINITY_DN10103_c0_g1::TRINITY_DN10103_c0_g1_i1::g.8080::m.8080	8679b1104f861ca33efc09b6630f1b26	172	MobiDBLite	mobidb-lite	consensus disorder prediction	46	68	-	T	05-12-2019
TRINITY_DN10103_c0_g1::TRINITY_DN10103_c0_g1_i1::g.8080::m.8080	8679b1104f861ca33efc09b6630f1b26	172	MobiDBLite	mobidb-lite	consensus disorder prediction	153	172	-	T	05-12-2019
TRINITY_DN10103_c0_g1::TRINITY_DN10103_c0_g1_i1::g.8080::m.8080	8679b1104f861ca33efc09b6630f1b26	172	MobiDBLite	mobidb-lite	consensus disorder prediction	37	172	-	T	05-12-2019
TRINITY_DN1013_c0_g1::TRINITY_DN1013_c0_g1_i1::g.2611::m.2611	9ab5e959f29a878a169e0ecd890c5435	149	ProSiteProfiles	PS50088	Ankyrin repeat profile.	50	72	10.419	T	05-12-2019	IPR002110	Ankyrin repeat
TRINITY_DN1013_c0_g1::TRINITY_DN1013_c0_g1_i1::g.2611::m.2611	9ab5e959f29a878a169e0ecd890c5435	149	Pfam	PF12796	Ankyrin repeats (3 copies)	9	82	3.5E-10	T	05-12-2019	IPR020683	Ankyrin repeat-containing domain
TRINITY_DN1013_c0_g1::TRINITY_DN1013_c0_g1_i1::g.2611::m.2611	9ab5e959f29a878a169e0ecd890c5435	149	Gene3D	G3DSA:1.25.40.20		3	149	1.8E-27	T	05-12-2019	IPR036770	Ankyrin repeat-containing domain superfamily
TRINITY_DN1013_c0_g1::TRINITY_DN1013_c0_g1_i1::g.2611::m.2611	9ab5e959f29a878a169e0ecd890c5435	149	Pfam	PF13637	Ankyrin repeats (many copies)	88	140	1.0E-5	T	05-12-2019
TRINITY_DN1013_c0_g1::TRINITY_DN1013_c0_g1_i1::g.2611::m.2611	9ab5e959f29a878a169e0ecd890c5435	149	SUPERFAMILY	SSF48403		10	148	2.64E-25	T	05-12-2019	IPR036770	Ankyrin repeat-containing domain superfamily
TRINITY_DN1013_c0_g1::TRINITY_DN1013_c0_g1_i1::g.2611::m.2611	9ab5e959f29a878a169e0ecd890c5435	149	ProSiteProfiles	PS50297	Ankyrin repeat region circular profile.	6	141	22.649	T	05-12-2019	IPR020683	Ankyrin repeat-containing domain
TRINITY_DN1013_c0_g1::TRINITY_DN1013_c0_g1_i1::g.2611::m.2611	9ab5e959f29a878a169e0ecd890c5435	149	SMART	SM00248		119	149	0.01	T	05-12-2019	IPR002110	Ankyrin repeat
TRINITY_DN1013_c0_g1::TRINITY_DN1013_c0_g1_i1::g.2611::m.2611	9ab5e959f29a878a169e0ecd890c5435	149	SMART	SM00248		50	80	6.8E-4	T	05-12-2019	IPR002110	Ankyrin repeat
TRINITY_DN1013_c0_g1::TRINITY_DN1013_c0_g1_i1::g.2611::m.2611	9ab5e959f29a878a169e0ecd890c5435	149	SMART	SM00248		84	114	170.0	T	05-12-2019	IPR002110	Ankyrin repeat
TRINITY_DN1013_c0_g1::TRINITY_DN1013_c0_g1_i1::g.2611::m.2611	9ab5e959f29a878a169e0ecd890c5435	149	CDD	cd00204	ANK	21	140	1.69429E-19	T	05-12-2019	IPR020683	Ankyrin repeat-containing domain
TRINITY_DN10037_c0_g1::TRINITY_DN10037_c0_g1_i1::g.8000::m.8000	932dadd11538b533598165b51732acf8	108	Gene3D	G3DSA:1.25.40.10		2	108	6.9E-6	T	05-12-2019	IPR011990	Tetratricopeptide-like helical domain superfamily
TRINITY_DN10029_c0_g1::TRINITY_DN10029_c0_g1_i1::g.8014::m.8014	153ca0e8b38e13d2ae441f620d1fff8c	111	Gene3D	G3DSA:3.40.250.10		1	55	5.6E-7	T	05-12-2019	IPR036873	Rhodanese-like domain superfamily
TRINITY_DN10026_c0_g1::TRINITY_DN10026_c0_g1_i1::g.8008::m.8008	93cddcdafb252c9ad4ad6accdad0e25b	137	Pfam	PF17819	Family of unknown function (DUF5582)	78	137	3.8E-6	T	05-12-2019	IPR040760	Protein of unknown function DUF5582
TRINITY_DN10026_c0_g1::TRINITY_DN10026_c0_g1_i1::g.8008::m.8008	93cddcdafb252c9ad4ad6accdad0e25b	137	MobiDBLite	mobidb-lite	consensus disorder prediction	52	102	-	T	05-12-2019
TRINITY_DN10026_c0_g1::TRINITY_DN10026_c0_g1_i1::g.8008::m.8008	93cddcdafb252c9ad4ad6accdad0e25b	137	MobiDBLite	mobidb-lite	consensus disorder prediction	76	102	-	T	05-12-2019
TRINITY_DN10026_c0_g1::TRINITY_DN10026_c0_g1_i1::g.8008::m.8008	93cddcdafb252c9ad4ad6accdad0e25b	137	MobiDBLite	mobidb-lite	consensus disorder prediction	53	75	-	T	05-12-2019
TRINITY_DN10098_c0_g1::TRINITY_DN10098_c0_g1_i1::g.8018::m.8018	a5caa6edeb405b320d69154f871ca88a	225	Pfam	PF03676	Uncharacterised protein family (UPF0183)	1	220	8.8E-91	T	05-12-2019	IPR005373	Uncharacterised protein family UPF0183
TRINITY_DN10143_c0_g1::TRINITY_DN10143_c0_g1_i1::g.8073::m.8073	ef18c09d8172942877b29a230defada0	107	ProSiteProfiles	PS50106	PDZ domain profile.	63	107	10.818	T	05-12-2019	IPR001478	PDZ domain
TRINITY_DN10143_c0_g1::TRINITY_DN10143_c0_g1_i1::g.8073::m.8073	ef18c09d8172942877b29a230defada0	107	Gene3D	G3DSA:2.30.42.10		45	107	3.6E-12	T	05-12-2019
TRINITY_DN10143_c0_g1::TRINITY_DN10143_c0_g1_i1::g.8073::m.8073	ef18c09d8172942877b29a230defada0	107	SUPERFAMILY	SSF50156		57	107	1.68E-10	T	05-12-2019	IPR036034	PDZ superfamily
TRINITY_DN10143_c0_g1::TRINITY_DN10143_c0_g1_i1::g.8073::m.8073	ef18c09d8172942877b29a230defada0	107	Pfam	PF00595	PDZ domain	64	107	2.8E-5	T	05-12-2019	IPR001478	PDZ domain
TRINITY_DN10010_c0_g1::TRINITY_DN10010_c0_g1_i1::g.7995::m.7995	6bfe432756546bdbb44be036bbf980e2	114	Gene3D	G3DSA:1.10.238.10		25	110	2.5E-24	T	05-12-2019
TRINITY_DN10010_c0_g1::TRINITY_DN10010_c0_g1_i1::g.7995::m.7995	6bfe432756546bdbb44be036bbf980e2	114	ProSitePatterns	PS00018	EF-hand calcium-binding domain.	90	102	-	T	05-12-2019	IPR018247	EF-Hand 1, calcium-binding site
TRINITY_DN10010_c0_g1::TRINITY_DN10010_c0_g1_i1::g.7995::m.7995	6bfe432756546bdbb44be036bbf980e2	114	SUPERFAMILY	SSF47473		38	108	2.44E-19	T	05-12-2019	IPR011992	EF-hand domain pair
TRINITY_DN10010_c0_g1::TRINITY_DN10010_c0_g1_i1::g.7995::m.7995	6bfe432756546bdbb44be036bbf980e2	114	ProSitePatterns	PS00018	EF-hand calcium-binding domain.	54	66	-	T	05-12-2019	IPR018247	EF-Hand 1, calcium-binding site
TRINITY_DN10010_c0_g1::TRINITY_DN10010_c0_g1_i1::g.7995::m.7995	6bfe432756546bdbb44be036bbf980e2	114	Pfam	PF13499	EF-hand domain pair	48	106	2.2E-12	T	05-12-2019	IPR002048	EF-hand domain
TRINITY_DN10010_c0_g1::TRINITY_DN10010_c0_g1_i1::g.7995::m.7995	6bfe432756546bdbb44be036bbf980e2	114	SMART	SM00054		81	109	2.8E-5	T	05-12-2019	IPR002048	EF-hand domain
TRINITY_DN10010_c0_g1::TRINITY_DN10010_c0_g1_i1::g.7995::m.7995	6bfe432756546bdbb44be036bbf980e2	114	SMART	SM00054		45	73	9.9	T	05-12-2019	IPR002048	EF-hand domain
TRINITY_DN10010_c0_g1::TRINITY_DN10010_c0_g1_i1::g.7995::m.7995	6bfe432756546bdbb44be036bbf980e2	114	ProSiteProfiles	PS50222	EF-hand calcium-binding domain profile.	41	76	9.464	T	05-12-2019	IPR002048	EF-hand domain
TRINITY_DN10010_c0_g1::TRINITY_DN10010_c0_g1_i1::g.7995::m.7995	6bfe432756546bdbb44be036bbf980e2	114	ProSiteProfiles	PS50222	EF-hand calcium-binding domain profile.	77	112	14.513	T	05-12-2019	IPR002048	EF-hand domain
TRINITY_DN10010_c0_g1::TRINITY_DN10010_c0_g1_i1::g.7995::m.7995	6bfe432756546bdbb44be036bbf980e2	114	CDD	cd00051	EFh	48	107	1.21294E-15	T	05-12-2019	IPR002048	EF-hand domain
TRINITY_DN10109_c0_g1::TRINITY_DN10109_c0_g1_i1::g.8051::m.8051	9f162caacfedff82bcc1bc9307715862	286	SUPERFAMILY	SSF53639		124	282	2.94E-16	T	05-12-2019	IPR036409	Class II aldolase/adducin N-terminal domain superfamily
TRINITY_DN10109_c0_g1::TRINITY_DN10109_c0_g1_i1::g.8051::m.8051	9f162caacfedff82bcc1bc9307715862	286	Gene3D	G3DSA:3.40.225.10		118	286	4.1E-25	T	05-12-2019	IPR036409	Class II aldolase/adducin N-terminal domain superfamily
TRINITY_DN10109_c0_g1::TRINITY_DN10109_c0_g1_i1::g.8051::m.8051	9f162caacfedff82bcc1bc9307715862	286	Pfam	PF00596	Class II Aldolase and Adducin N-terminal domain	131	255	1.3E-11	T	05-12-2019	IPR001303	Class II aldolase/adducin N-terminal
TRINITY_DN10058_c0_g1::TRINITY_DN10058_c0_g1_i1::g.7998::m.7998	83532e32ab75bf2ff1941b66d79078b9	154	ProSitePatterns	PS00469	Nucleoside diphosphate kinases active site.	117	125	-	T	05-12-2019	IPR023005	Nucleoside diphosphate kinase, active site
TRINITY_DN10058_c0_g1::TRINITY_DN10058_c0_g1_i1::g.7998::m.7998	83532e32ab75bf2ff1941b66d79078b9	154	SUPERFAMILY	SSF54919		5	154	8.12E-58	T	05-12-2019	IPR036850	Nucleoside diphosphate kinase-like domain superfamily
TRINITY_DN10058_c0_g1::TRINITY_DN10058_c0_g1_i1::g.7998::m.7998	83532e32ab75bf2ff1941b66d79078b9	154	Gene3D	G3DSA:3.30.70.141		3	154	2.7E-61	T	05-12-2019	IPR036850	Nucleoside diphosphate kinase-like domain superfamily
TRINITY_DN10058_c0_g1::TRINITY_DN10058_c0_g1_i1::g.7998::m.7998	83532e32ab75bf2ff1941b66d79078b9	154	Hamap	MF_00451	Nucleoside diphosphate kinase [ndk].	6	141	30.868	T	05-12-2019	IPR001564	Nucleoside diphosphate kinase
TRINITY_DN10058_c0_g1::TRINITY_DN10058_c0_g1_i1::g.7998::m.7998	83532e32ab75bf2ff1941b66d79078b9	154	PRINTS	PR01243	Nucleoside diphosphate kinase signature	94	110	1.0E-46	T	05-12-2019	IPR001564	Nucleoside diphosphate kinase
TRINITY_DN10058_c0_g1::TRINITY_DN10058_c0_g1_i1::g.7998::m.7998	83532e32ab75bf2ff1941b66d79078b9	154	PRINTS	PR01243	Nucleoside diphosphate kinase signature	117	136	1.0E-46	T	05-12-2019	IPR001564	Nucleoside diphosphate kinase
TRINITY_DN10058_c0_g1::TRINITY_DN10058_c0_g1_i1::g.7998::m.7998	83532e32ab75bf2ff1941b66d79078b9	154	PRINTS	PR01243	Nucleoside diphosphate kinase signature	9	31	1.0E-46	T	05-12-2019	IPR001564	Nucleoside diphosphate kinase
TRINITY_DN10058_c0_g1::TRINITY_DN10058_c0_g1_i1::g.7998::m.7998	83532e32ab75bf2ff1941b66d79078b9	154	PRINTS	PR01243	Nucleoside diphosphate kinase signature	73	90	1.0E-46	T	05-12-2019	IPR001564	Nucleoside diphosphate kinase
TRINITY_DN10058_c0_g1::TRINITY_DN10058_c0_g1_i1::g.7998::m.7998	83532e32ab75bf2ff1941b66d79078b9	154	PRINTS	PR01243	Nucleoside diphosphate kinase signature	53	72	1.0E-46	T	05-12-2019	IPR001564	Nucleoside diphosphate kinase
TRINITY_DN10058_c0_g1::TRINITY_DN10058_c0_g1_i1::g.7998::m.7998	83532e32ab75bf2ff1941b66d79078b9	154	SMART	SM00562		6	143	5.6E-75	T	05-12-2019	IPR034907	Nucleoside diphosphate kinase-like domain
TRINITY_DN10058_c0_g1::TRINITY_DN10058_c0_g1_i1::g.7998::m.7998	83532e32ab75bf2ff1941b66d79078b9	154	CDD	cd04413	NDPk_I	7	136	2.18217E-82	T	05-12-2019
TRINITY_DN10058_c0_g1::TRINITY_DN10058_c0_g1_i1::g.7998::m.7998	83532e32ab75bf2ff1941b66d79078b9	154	Pfam	PF00334	Nucleoside diphosphate kinase	7	140	3.0E-54	T	05-12-2019	IPR034907	Nucleoside diphosphate kinase-like domain
TRINITY_DN10011_c0_g1::TRINITY_DN10011_c0_g1_i1::g.8015::m.8015	716f486dbd654ff70f95f8ecfb4e87d8	142	Gene3D	G3DSA:1.20.1410.10		46	142	2.8E-6	T	05-12-2019
TRINITY_DN10038_c0_g1::TRINITY_DN10038_c0_g1_i1::g.7987::m.7987	4fe7239c7648c437e40b7d1eff6681a1	199	MobiDBLite	mobidb-lite	consensus disorder prediction	26	50	-	T	05-12-2019
TRINITY_DN10038_c0_g1::TRINITY_DN10038_c0_g1_i1::g.7987::m.7987	4fe7239c7648c437e40b7d1eff6681a1	199	MobiDBLite	mobidb-lite	consensus disorder prediction	145	168	-	T	05-12-2019
TRINITY_DN10038_c0_g1::TRINITY_DN10038_c0_g1_i1::g.7987::m.7987	4fe7239c7648c437e40b7d1eff6681a1	199	MobiDBLite	mobidb-lite	consensus disorder prediction	63	87	-	T	05-12-2019
TRINITY_DN10038_c0_g1::TRINITY_DN10038_c0_g1_i1::g.7987::m.7987	4fe7239c7648c437e40b7d1eff6681a1	199	MobiDBLite	mobidb-lite	consensus disorder prediction	123	199	-	T	05-12-2019
TRINITY_DN10016_c0_g1::TRINITY_DN10016_c0_g1_i1::g.8024::m.8024	e896955e479b1b5ff0c78818720cdad9	138	MobiDBLite	mobidb-lite	consensus disorder prediction	68	127	-	T	05-12-2019
TRINITY_DN10016_c0_g1::TRINITY_DN10016_c0_g1_i1::g.8024::m.8024	e896955e479b1b5ff0c78818720cdad9	138	MobiDBLite	mobidb-lite	consensus disorder prediction	66	138	-	T	05-12-2019
TRINITY_DN10072_c0_g1::TRINITY_DN10072_c0_g1_i1::g.8034::m.8034	5a707659f811a8a62994b3739f7c2bb0	146	MobiDBLite	mobidb-lite	consensus disorder prediction	126	146	-	T	05-12-2019
TRINITY_DN10137_c0_g1::TRINITY_DN10137_c0_g1_i1::g.8047::m.8047	a9946cb4f6d36a64ef61a7ae29fd49e1	149	MobiDBLite	mobidb-lite	consensus disorder prediction	54	78	-	T	05-12-2019
TRINITY_DN10137_c0_g1::TRINITY_DN10137_c0_g1_i1::g.8047::m.8047	a9946cb4f6d36a64ef61a7ae29fd49e1	149	Gene3D	G3DSA:2.60.120.10		87	149	1.6E-8	T	05-12-2019	IPR014710	RmlC-like jelly roll fold
TRINITY_DN10137_c0_g1::TRINITY_DN10137_c0_g1_i1::g.8047::m.8047	a9946cb4f6d36a64ef61a7ae29fd49e1	149	MobiDBLite	mobidb-lite	consensus disorder prediction	54	77	-	T	05-12-2019
TRINITY_DN10113_c0_g1::TRINITY_DN10113_c0_g1_i1::g.8064::m.8064	c3c795130525b500e7345c26eb06ea10	329	MobiDBLite	mobidb-lite	consensus disorder prediction	12	123	-	T	05-12-2019
TRINITY_DN10113_c0_g1::TRINITY_DN10113_c0_g1_i1::g.8064::m.8064	c3c795130525b500e7345c26eb06ea10	329	MobiDBLite	mobidb-lite	consensus disorder prediction	1	168	-	T	05-12-2019
TRINITY_DN10113_c0_g1::TRINITY_DN10113_c0_g1_i1::g.8064::m.8064	c3c795130525b500e7345c26eb06ea10	329	MobiDBLite	mobidb-lite	consensus disorder prediction	154	168	-	T	05-12-2019
TRINITY_DN10113_c0_g1::TRINITY_DN10113_c0_g1_i1::g.8064::m.8064	c3c795130525b500e7345c26eb06ea10	329	Pfam	PF16014	Histone deacetylase complex subunit SAP130 C-terminus	56	321	8.7E-46	T	05-12-2019	IPR031963	Histone deacetylase complex subunit SAP130, C-terminal domain
TRINITY_DN10013_c0_g1::TRINITY_DN10013_c0_g1_i1::g.7992::m.7992	f3c6bf630a97a21e7a329b97d440644e	102	Pfam	PF00335	Tetraspanin family	4	82	2.8E-14	T	05-12-2019	IPR018499	Tetraspanin/Peripherin
TRINITY_DN10027_c0_g1::TRINITY_DN10027_c0_g1_i1::g.8013::m.8013	5daacdc10db361796f4797cdda2d45a7	105	Coils	Coil		1	35	-	T	05-12-2019
TRINITY_DN10027_c0_g1::TRINITY_DN10027_c0_g1_i1::g.8013::m.8013	5daacdc10db361796f4797cdda2d45a7	105	MobiDBLite	mobidb-lite	consensus disorder prediction	84	105	-	T	05-12-2019
TRINITY_DN10149_c0_g1::TRINITY_DN10149_c0_g1_i1::g.8068::m.8068	1062c1244623879e8c15c5a5197e42b6	241	MobiDBLite	mobidb-lite	consensus disorder prediction	94	118	-	T	05-12-2019
TRINITY_DN10149_c0_g1::TRINITY_DN10149_c0_g1_i1::g.8068::m.8068	1062c1244623879e8c15c5a5197e42b6	241	MobiDBLite	mobidb-lite	consensus disorder prediction	1	26	-	T	05-12-2019
